level,pos,japanese,reading,korean,source_url
N5,all,-ずつ,-ずつ,(수(數)·양(量)을 나타내는 말에 붙어) …씩.,https://ja.dict.naver.com/#/entry/jako/0762de8fb36a44b18377744100c1585e
N5,all,会う,あう,만나다.,https://ja.dict.naver.com/#/entry/jako/bee8ceb9e3254ba2b88d6ea1b24d43ab
N5,all,青い·蒼い,あおい,파랗다.,https://ja.dict.naver.com/#/entry/jako/a922737407f9496db77ae3fcb8e7226d
N5,all,赤い,あかい,붉다; 빨갛다.,https://ja.dict.naver.com/#/entry/jako/5e4e3706133a49a7bfb78858a5789631
N5,all,明るい,あかるい,밝다.,https://ja.dict.naver.com/#/entry/jako/f0111d43a24c4a6c92969e430730d808
N5,all,上がる,あがる,오르다.,https://ja.dict.naver.com/#/entry/jako/b4b6e4fbbaee4b93b9d4384104fde655
N5,all,秋,あき,가을.,https://ja.dict.naver.com/#/entry/jako/cbbc047d8782416595bf4a7b1a4b4ad4
N5,all,開く·明く,あく,열리다.,https://ja.dict.naver.com/#/entry/jako/a6639ef1d16c46bb981be154d2ea4980
N5,all,開ける,あける,(문·덮개·칸막이 등을) 열다.,https://ja.dict.naver.com/#/entry/jako/05b8edb503994326b120f9899b2f4511
N5,all,上げる,あげる,올리다.,https://ja.dict.naver.com/#/entry/jako/6ecdd8383df041959c2ce020fed4a98e
N5,all,朝,あさ,"아침(넓은 뜻으로는, 해돋이에서 정오까지).",https://ja.dict.naver.com/#/entry/jako/726fe82dccbd46a192c09ef93288859b
N5,all,朝ご飯,あさごはん,아침 밥,https://ja.dict.naver.com/#/entry/jako/1f4eccb0c5a943239d24470f7311b9de
N5,all,明後日,あさって,모레.,https://ja.dict.naver.com/#/entry/jako/ac411139e2624b93bd3d43a8fdc2bec8
N5,all,足,あし,발.,https://ja.dict.naver.com/#/entry/jako/29ec1b3154fb416c96bfc53b39b1d75e
N5,all,明日,あした,내일.,https://ja.dict.naver.com/#/entry/jako/035dc0ef46874346b9f266b9312043b5
N5,all,彼処·彼所,あそこ,저기; 거기; 저쪽; 그쪽.,https://ja.dict.naver.com/#/entry/jako/c13f4098b586492cafc1bf6a3a09c3d5
N5,all,遊ぶ,あそぶ,놀다.,https://ja.dict.naver.com/#/entry/jako/2b9d4bf87e144682b621ec105dc4c292
N5,all,頭,あたま,머리.,https://ja.dict.naver.com/#/entry/jako/0803f31acb1e4f04b14f343c6c589a8d
N5,all,新しい,あたらしい,새롭다.,https://ja.dict.naver.com/#/entry/jako/43f3eea657254391a4693b87178379e7
N5,all,彼方,あちら,자신이나 상대방에게서 멀리 떨어진 방향·장소·사물을 가리킴.,https://ja.dict.naver.com/#/entry/jako/f2aa1736ee024895ba36554e2af5dc13
N5,all,暑い,あつい,덥다.,https://ja.dict.naver.com/#/entry/jako/5ed8c4e625bf44e08af967ccaaa1474f
N5,all,後,あと,뒤.,https://ja.dict.naver.com/#/entry/jako/5b8e06f5ace04763ac52166785e94eb4
N5,all,貴方·貴下,あなた,당신; 귀하.,https://ja.dict.naver.com/#/entry/jako/1a45e151fd064b91a27c849fd0ae8993
N5,all,兄,あに,형; 오빠.,https://ja.dict.naver.com/#/entry/jako/833b059305664f13ba5e2f5458c92969
N5,all,姉,あね,언니; 손위 누이.,https://ja.dict.naver.com/#/entry/jako/f4838675a0ea461290e3666345dae5b5
N5,all,彼の,あの,저; 그.,https://ja.dict.naver.com/#/entry/jako/4f80e5772ea9465c8b938b604c25c91a
N5,all,浴びる,あびる,뒤집어쓰다.,https://ja.dict.naver.com/#/entry/jako/d60eda43a7c4424aa2e2f4fc4d49831e
N5,all,危ない,あぶない,위험하다; 위태롭다,https://ja.dict.naver.com/#/entry/jako/7d69830507594c0e881bc036419623a7
N5,all,甘い,あまい,(맛이) 달다.,https://ja.dict.naver.com/#/entry/jako/6bc9b3a735f8484d80d8d898ebe24559
N5,all,余り,あまり,남은 것; 나머지; 여분; 우수리.,https://ja.dict.naver.com/#/entry/jako/1acb63e129744c04afa671f42544e9e5
N5,all,雨,あめ,비; 우천.,https://ja.dict.naver.com/#/entry/jako/7cdcee13c92a4463a834fa67b5d93661
N5,all,洗う,あらう,씻다; 빨다; 세탁하다.,https://ja.dict.naver.com/#/entry/jako/81914f0b2b9c4c37a0b71404b2b409df
N5,all,有(り)難うございます∙有(り)難う御座います,ありがとうございます,감사합니다.,https://ja.dict.naver.com/#/entry/jako/4b51cd640146403bbcce859c6baefa22
N5,all,有る,ある,있다.,https://ja.dict.naver.com/#/entry/jako/3d8efa45ea5d43adb9945bb71f99051d
N5,all,歩く,あるく,걷다; 산책하다.,https://ja.dict.naver.com/#/entry/jako/43ab1dba2a1d43f283aa2d7514e435c3
N5,all,あんな,あんな,저런; 그런.,https://ja.dict.naver.com/#/entry/jako/bf98fd32b42549718f1cf2568165e205
N5,all,良い·善い·好い,いい,좋다.,https://ja.dict.naver.com/#/entry/jako/86ad129428bf4b53beafd66c021092f6
N5,all,いいえ,いいえ,아니(오); 아뇨.,https://ja.dict.naver.com/#/entry/jako/5b6d98fdf2c049b0b4dce2ce5f245afe
N5,all,言う·云う·謂う,いう,말하다; 이야기하다; 말로 표현하다.,https://ja.dict.naver.com/#/entry/jako/32b61177bc42484898b95f78a86a9172
N5,all,家,いえ,집.,https://ja.dict.naver.com/#/entry/jako/dc4b4a247d004fe99504335df0720d7c
N5,all,いく,いく,가다.,https://ja.dict.naver.com/#/entry/jako/5c7ee6fb07ce480794d3d1262f371ff5
N5,all,幾つ,いくつ,몇; 몇 개.,https://ja.dict.naver.com/#/entry/jako/d75715e5f4a94c419a29db807b00e174
N5,all,幾ら·幾等,いくら,얼마.,https://ja.dict.naver.com/#/entry/jako/f8e0b1cad4804a37a6005b43ebe604bc
N5,all,池,いけ,못; 연못.,https://ja.dict.naver.com/#/entry/jako/54e8fba7ca2a4fa5a3c526d9838b5d59
N5,all,医者,いしゃ,의사.,https://ja.dict.naver.com/#/entry/jako/a0ab016f0f0343e29045c110e4bbd6c9
N5,all,,,,https://ja.dict.naver.com/#/entry/jako/9d47b1a8e2c34c6d9d2e1e2be54888b8
N5,all,忙しい,いそがしい,바쁘다; 겨를이 없다.,https://ja.dict.naver.com/#/entry/jako/71198f6b686d4d969011d955ed230c4a
N5,all,痛い·甚い,いたい,아프다.,https://ja.dict.naver.com/#/entry/jako/4deb2fa5723c4e7f98be3a3900ac456e
N5,all,戴きます,いただきます,잘 먹겠습니다((음식을 먹을 때 하는 인사말)).,https://ja.dict.naver.com/#/entry/jako/0948f219c1614f199de065289face80b
N5,all,一·壱,いち,일; 자연수의 첫 번째 수; 하나.,https://ja.dict.naver.com/#/entry/jako/3847de12d222480689beca47a93b0b2c
N5,all,一円,いちえん,일원;어떤 장소 일대,https://ja.dict.naver.com/#/entry/jako/11ec3ba0a6154d2e9b30801b226d9952
N5,all,一月,いちがつ,일월; 정월.,https://ja.dict.naver.com/#/entry/jako/003daeef1590477fbf5db0e71f06d951
N5,all,一時,いちじ,일시.,https://ja.dict.naver.com/#/entry/jako/b50939b183cf4456a42cbe7e7b26310d
N5,all,一日,いちにち,일일.,https://ja.dict.naver.com/#/entry/jako/b55008d7c01741e9b1c36b6588b46ec4
N5,all,一年,いちねん,일 년.,https://ja.dict.naver.com/#/entry/jako/4835ac6612104f509012d315cc64897b
N5,all,一倍,いちばい,곱.,https://ja.dict.naver.com/#/entry/jako/657bae01a57d4210b6a138135963e762
N5,all,一番,いちばん,일 번; 첫째; 1등.,https://ja.dict.naver.com/#/entry/jako/8b03c871463a4939a49552e1f56bdc3e
N5,all,一枚,いちまい,(종이·판자·화폐 따위의) 일매; 한 장; 한 닢; 한 개.,https://ja.dict.naver.com/#/entry/jako/929508e8e1574bdf85b5a1471db7fb5b
N5,all,一階,いっかい,일층.,https://ja.dict.naver.com/#/entry/jako/61e2fbe3b57c41d7b9a897a5b10dcacc
N5,all,一回,いっかい,1회; 한 번.,https://ja.dict.naver.com/#/entry/jako/531d6a0a5d534fe0a3f9ce993d4915ba
N5,all,一個·一箇,いっこ,한 개.,https://ja.dict.naver.com/#/entry/jako/7e3181ebd42242709c4a10d68d372150
N5,all,一週間,いっしゅうかん,한 주간; 일주일간; 7일간.,https://ja.dict.naver.com/#/entry/jako/5a8854a1bd9a47c498990f0b051d055f
N5,all,いっしょに,いっしょに,"함께, 같이",https://ja.dict.naver.com/#/entry/jako/26f5ee7cb49640d183e11025530985a5
N5,all,一杯,いっぱい,일배; 한 잔; 한 그릇.,https://ja.dict.naver.com/#/entry/jako/af841054808b4134b9988a94398527e1
N5,all,一匹·一疋,いっぴき,한 필.,https://ja.dict.naver.com/#/entry/jako/21c8325045ac46a1bf51f58ff1b4a8f5
N5,all,一分,いっぷん,(시간·각도의) 일 분.,https://ja.dict.naver.com/#/entry/jako/452b341f031a4a99a6022ff8d92c318e
N5,all,一本,いっぽん,(부채·창·나무 등의) 한 자루[그루].,https://ja.dict.naver.com/#/entry/jako/a8350f0812034522a780c6d0c27417d0
N5,all,何時,いつ,(부정의 지시 대명사) 언제; 어느 때.,https://ja.dict.naver.com/#/entry/jako/2e041ec0ac7048d3b725fad01c002ea1
N5,all,五日,いつか,오일.,https://ja.dict.naver.com/#/entry/jako/8e62ebf03a4d4dcc9c6646e7da13760e
N5,all,五つ,いつつ,다섯; 다섯 개.,https://ja.dict.naver.com/#/entry/jako/37cd4825a1924e81b13ca9ebc3633d0c
N5,all,何時も,いつも,여느 때; 보통 때.,https://ja.dict.naver.com/#/entry/jako/31e3487347974a9c9f1a990ee4e63f8d
N5,all,犬·狗,いぬ,개.,https://ja.dict.naver.com/#/entry/jako/5da13c6f47ee450cb6eaa65b536b9dc0
N5,all,今,いま,지금; 이제; 현재.,https://ja.dict.naver.com/#/entry/jako/20c7b73643034ecda93cf417561475da
N5,all,意味,いみ,의미; 뜻.,https://ja.dict.naver.com/#/entry/jako/9b1ba1501a844833bfc54606abf53d7f
N5,all,妹,いもうと,여동생; 누이동생.,https://ja.dict.naver.com/#/entry/jako/b3cf49736aa64fd78b40622d19c1a4e7
N5,all,嫌·厭,いや,싫음; 하고 싶지 않음.,https://ja.dict.naver.com/#/entry/jako/9e56dafa3a1e485498b5d4a57f0616da
N5,all,いらっしゃいませ,いらっしゃいませ,"어서 오십시오; 어서 오세요((다른 사람의 방문, 특히 손님의 내점을 환영할 때 하는 인사말)).",https://ja.dict.naver.com/#/entry/jako/54bec6b080d84afab4fcd3a23c2278f8
N5,all,入(り)口,いりぐち,입구.,https://ja.dict.naver.com/#/entry/jako/93baf2d9e9194af094ddda40e4353a0f
N5,all,居る,いる,있다(살고 있다; 머무르고 있다).,https://ja.dict.naver.com/#/entry/jako/32e4e0dfd7df47a481fe33041a7e7743
N5,all,要る,いる,필요하다; 소용되다; 들다.,https://ja.dict.naver.com/#/entry/jako/d18234f67b674d2f8492c6554cb653fc
N5,all,入れる,いれる,넣다.,https://ja.dict.naver.com/#/entry/jako/edab787f997a46668e1f4da94fa88d7e
N5,all,色,いろ,색; 빛.,https://ja.dict.naver.com/#/entry/jako/e7d377ea90ba47baa946459c46bb14a3
N5,all,色色,いろいろ,"여러 가지 종류; 다양함; 가지각색; 또, 그런 모양.",https://ja.dict.naver.com/#/entry/jako/5091c8fccdfb4faf8747d194790ed59d
N5,all,上,うえ,위.,https://ja.dict.naver.com/#/entry/jako/beb4742cbde247e29ae971c5799dc2b9
N5,all,後ろ,うしろ,뒤.,https://ja.dict.naver.com/#/entry/jako/3c37066f429143c59961202599c4842e
N5,all,薄い,うすい,얇다.,https://ja.dict.naver.com/#/entry/jako/f446e97ac42243d48aa9cf35be26b12d
N5,all,歌·唄,うた,노래((가요곡·동요·민요 등 곡을 붙일 수 있는 모든 것)).,https://ja.dict.naver.com/#/entry/jako/00842b046c53435885453de670f74fc3
N5,all,歌う,うたう,노래하다.,https://ja.dict.naver.com/#/entry/jako/ad4c374f3f774f318f2d24a8766ba9d9
N5,all,生(ま)れる·産(ま)れる,うまれる,태어나다; 출생하다.,https://ja.dict.naver.com/#/entry/jako/b5787488d7214d2b956f8685b150870f
N5,all,海,うみ,바다.,https://ja.dict.naver.com/#/entry/jako/24172f7b64c244088d6bf09e38bccec4
N5,all,売る,うる,팔다.,https://ja.dict.naver.com/#/entry/jako/1ec9b1d389a0490fb40e1c7b20e7fafd
N5,all,煩い·五月蠅い,うるさい,(소리 등이) 시끄럽다.,https://ja.dict.naver.com/#/entry/jako/c91bab6028d046deb44a50d04cc908bd
N5,all,上着·上衣,うわぎ,겉옷; 내복 위에 입는 옷.,https://ja.dict.naver.com/#/entry/jako/8049267e039045edac5dd9632c77c071
N5,all,絵·画,え,그림.,https://ja.dict.naver.com/#/entry/jako/42547331c9bf4e49ba3f078f67ff3339
N5,all,映画館,えいがかん,영화관,https://ja.dict.naver.com/#/entry/jako/a0e034339d7f4d90a847388e5db389cc
N5,all,英語,えいご,영어.,https://ja.dict.naver.com/#/entry/jako/4045d0f89f4c4260b06a4768f7636ac5
N5,all,駅,えき,역; 정거장.,https://ja.dict.naver.com/#/entry/jako/29282511fc9e4bc7b17d3fb54413b93d
N5,all,円,えん,"둥긂; 또, 둥근 것; 원.",https://ja.dict.naver.com/#/entry/jako/48b32285ba00435688dd30957eea327a
N5,all,鉛筆,えんぴつ,연필.,https://ja.dict.naver.com/#/entry/jako/5b8d21399e874a24acb0f6f9dc5937f4
N5,all,美味しい,おいしい,맛있다; 맛 좋다.,https://ja.dict.naver.com/#/entry/jako/3c0f445cd11e47d09029356af3c2145b
N5,all,多い,おおい,많다.,https://ja.dict.naver.com/#/entry/jako/6faa8ddf07554f00b2afaa894db38952
N5,all,大きい,おおきい,크다.,https://ja.dict.naver.com/#/entry/jako/7385086e9e4f4c4fa9a1796f9063b220
N5,all,大きな,おおきな,큰.,https://ja.dict.naver.com/#/entry/jako/13c798cd606a4698a80ddf36191e70c7
N5,all,大勢,おおぜい,많은 사람; 여럿.,https://ja.dict.naver.com/#/entry/jako/ea5b87f7c88041bcb75799b451c6018a
N5,all,お母さん∙御母さん,おかあさん,엄마; 어머니((‘母'의 높임말)).,https://ja.dict.naver.com/#/entry/jako/156113e5813f40d682b7a017238a2318
N5,all,お菓子,おかし,과자,https://ja.dict.naver.com/#/entry/jako/6f75910dacf5435a83466a321ffba1a8
N5,all,お金·御金,おかね,돈; 금전.,https://ja.dict.naver.com/#/entry/jako/9214f2bf354348cd996d19070fb2096a
N5,all,お客さん·御客さん,おきゃくさん,손님.,https://ja.dict.naver.com/#/entry/jako/0073eec05a0f48b09bd56a49b92c06d8
N5,all,起きる,おきる,일어나다.,https://ja.dict.naver.com/#/entry/jako/6cc3b426fa4c48578a82c6500d73a643
N5,all,置く,おく,두다.,https://ja.dict.naver.com/#/entry/jako/d9650203bce2473ea4fa96fdc2dcc308
N5,all,奥さん,おくさん,남의 아내에 대한 높임말: 부인; 아주머니.,https://ja.dict.naver.com/#/entry/jako/9086db7ff1db421f881c9356b0bebbce
N5,all,,,1.	술,https://ja.dict.naver.com/#/entry/jako/1d1c740079e94963b7c1372f0fb91eb9
N5,all,お皿,おさら,접시,https://ja.dict.naver.com/#/entry/jako/dea7cca6fbd84371a502fcb900da6275
N5,all,教える,おしえる,가르치다.,https://ja.dict.naver.com/#/entry/jako/bda71452196c494f8efdc31833aa4da7
N5,all,お祖父さん·お爺さん,おじいさん,(お祖父さん) 할아버지(조부를 높이거나 친하게 부르는 말).,https://ja.dict.naver.com/#/entry/jako/98f8636daf764a80a352f507cf65a1ea
N5,all,伯父さん·叔父さん·小父さん,おじさん,(伯父さん·叔父さん) 백부·숙부의 높임말.,https://ja.dict.naver.com/#/entry/jako/53d8f278eece48fc8ce1bb62737e911d
N5,all,押す,おす,(떼)밀다.,https://ja.dict.naver.com/#/entry/jako/c6262a20abd347e0ae34226907c0c2c6
N5,all,遅い,おそい,늦다.,https://ja.dict.naver.com/#/entry/jako/7d655bc1f7104d218c6f2db7809fdce3
N5,all,お茶·御茶,おちゃ,(엽)차(‘茶’의 공손한 말).,https://ja.dict.naver.com/#/entry/jako/44dc9f54fde3456e8b50d4ca1b522ba8
N5,all,お父さん,おとうさん,‘父’의 높임말 또는 친근한 호칭: 아버지; 아빠.,https://ja.dict.naver.com/#/entry/jako/5158c6a165b74537995c97cb8f40d772
N5,all,弟,おとうと,남동생; 아우.,https://ja.dict.naver.com/#/entry/jako/b0f8b5b1beea46a19a07b11ff24110b5
N5,all,男,おとこ,남자; 남성.,https://ja.dict.naver.com/#/entry/jako/4f8380eecf6f43feaf574a9f2243f6a7
N5,all,男の子,おとこのこ,사내아이; 아들.,https://ja.dict.naver.com/#/entry/jako/6b76c710da5f4520b1cb1a603fb4840b
N5,all,男の人,おとこのひと,남자,https://ja.dict.naver.com/#/entry/jako/9afa4af396b449d3b869d835adf54bf8
N5,all,一昨日,おととい,그저께; 그제; 재작일.,https://ja.dict.naver.com/#/entry/jako/a61684db62774079b1eb688d7a96c7ba
N5,all,一昨年,おととし,그러께; 재작년.,https://ja.dict.naver.com/#/entry/jako/57a3c3da7f3b473586e22d81990bd225
N5,all,大人,おとな,어른; 성인.,https://ja.dict.naver.com/#/entry/jako/8fd330e2963f4b519dbab476bb5300cb
N5,all,御中·御腹,おなか,배.,https://ja.dict.naver.com/#/entry/jako/f3306f6b11a841fcaaa02dccfcebf067
N5,all,同じ,おなじ,‘같음·동일’의 뜻.,https://ja.dict.naver.com/#/entry/jako/27639b01854b4f81b1e9271d4ae74dd0
N5,all,お兄さん,おにいさん,(‘にいさん'의 공손한 말) 형; 형님; 오빠.,https://ja.dict.naver.com/#/entry/jako/ef3233f797944d3d885fcde35c42a0b2
N5,all,お姉さん·御姉さん,おねえさん,(자신 또는 다른 사람의) 언니; 누나; 누님.,https://ja.dict.naver.com/#/entry/jako/d7b268f73f174924b066e689a84400a3
N5,all,お願いします,おねがいします,부탁드립니다; 부탁합니다.,https://ja.dict.naver.com/#/entry/jako/49f8207c15604ac9a6a55d8954e7d3a3
N5,all,お祖母さん·お婆さん,おばあさん,(お祖母さん) 할머님; 조모님(‘祖母’의 경칭).,https://ja.dict.naver.com/#/entry/jako/d6312c00b2e94dbdaac59b6d2214627b
N5,all,伯母さん·叔母さん·小母さん,おばさん,아주머니.,https://ja.dict.naver.com/#/entry/jako/61700a3be8854b29ad90c1cb02de293d
N5,all,お風呂,おふろ,"목욕, 욕실",https://ja.dict.naver.com/#/entry/jako/b331d1ddbab7487585e70401ac23fdca
N5,all,,,,https://ja.dict.naver.com/#/entry/jako/119aad5381dd48cd8d02d19dc22c5887
N5,all,覚える,おぼえる,(자연히) 느끼다.,https://ja.dict.naver.com/#/entry/jako/898bc1e6d187412da2bb13ed87ea6e19
N5,all,おまわりさん,おまわりさん,경찰,https://ja.dict.naver.com/#/entry/jako/b62deb47a174485f9871ced6aae2c0d8
N5,all,重い,おもい,무겁다.,https://ja.dict.naver.com/#/entry/jako/7eeb0327514240e0bd5bee691b9c66c7
N5,all,面白い,おもしろい,재미있다; 즐겁다; 유쾌하다.,https://ja.dict.naver.com/#/entry/jako/e73c8885df2c405e90ddb83891db1500
N5,all,お休みなさい∙御休みなさい,おやすみなさい,안녕히 주무세요; 편히 쉬세요((잘 때나 밤에 헤어질 때 등에 하는 인사말)).,https://ja.dict.naver.com/#/entry/jako/e36f731211f54adb9da1eb019009b516
N5,all,泳ぐ·游ぐ,およぐ,"헤엄치다; 수영하다; 또, (물고기 등이) 물속에서 나아가다.",https://ja.dict.naver.com/#/entry/jako/a5ef9b4c54894d77b6b5ceeb8eb3ecdf
N5,all,降りる,おりる,(탈것·역 등에서) 내리다.,https://ja.dict.naver.com/#/entry/jako/59852c4f92554e3591c91e09352ee278
N5,all,終(わ)る,おわる,(일 등이) 끝나다.,https://ja.dict.naver.com/#/entry/jako/b433d11503a7497da724e3de3b19bfa5
N5,all,音楽,おんがく,음악.,https://ja.dict.naver.com/#/entry/jako/9a1a72a13b234da9a49f3e26e6c3fcc3
N5,all,女,おんな,여자; 여성.,https://ja.dict.naver.com/#/entry/jako/411180d85519422cac6034df700cc053
N5,all,女の子,おんなのこ,여자아이.,https://ja.dict.naver.com/#/entry/jako/b4e56311f3994d70bb6835c5e8a705a7
N5,all,女の人,おんなのひと,여자,https://ja.dict.naver.com/#/entry/jako/effc4274987d4068abf49c53d77d0103
N5,all,会社,かいしゃ,회사.,https://ja.dict.naver.com/#/entry/jako/8ce358b92d76416f9f8e8653048d6b26
N5,all,会社員,かいしゃいん,회사원; 회사에 고용되어 일하는 사람.,https://ja.dict.naver.com/#/entry/jako/63f2d77e36be4b9c8ac6ac7ccbc8a272
N5,all,階段,かいだん,계단.,https://ja.dict.naver.com/#/entry/jako/a83a6998064f41809166483285be6953
N5,all,買(い)物,かいもの,물건을 삼; 산[살] 물건; 쇼핑.,https://ja.dict.naver.com/#/entry/jako/a3bd4800e3a54d51bfa51d0f0108b485
N5,all,買う,かう,사다.,https://ja.dict.naver.com/#/entry/jako/44c77dabb6e6474291c3d0d2e5d7dd46
N5,all,返す,かえす,되돌리다; 돌리다.,https://ja.dict.naver.com/#/entry/jako/02c39ff22186437b85767b82d5f759de
N5,all,帰る·還る,かえる,돌아가다; 돌아오다; 왔던 사람이 물러가다.,https://ja.dict.naver.com/#/entry/jako/8993e92952f745d58a7ef1b99871528e
N5,all,顔,かお,얼굴.,https://ja.dict.naver.com/#/entry/jako/96f42eb8d21049799b9a7d6bb192636c
N5,all,掛(か)る,かかる,걸리다.,https://ja.dict.naver.com/#/entry/jako/26d8d5ed4c5e4cb6ae15ba3ac1564e33
N5,all,鍵,かぎ,열쇠; 키(key).,https://ja.dict.naver.com/#/entry/jako/2b66c2e5828b4e19874592fd59ae1d16
N5,all,書く,かく,(글씨·글을) 쓰다.,https://ja.dict.naver.com/#/entry/jako/89fba4bd38d745be815b0414d01016cb
N5,all,傘,かさ,우산; 양산.,https://ja.dict.naver.com/#/entry/jako/01e13475fd0c4f569bd44cf4ca19e49f
N5,all,貸す,かす,빌려주다.,https://ja.dict.naver.com/#/entry/jako/2dc5a21fa93b4e8198081679cab49edd
N5,all,風,かぜ,바람.,https://ja.dict.naver.com/#/entry/jako/6605d2b6ae1944bba34e017fd09cf609
N5,all,風邪,かぜ,감기; 고뿔.,https://ja.dict.naver.com/#/entry/jako/2f2f111a13864518bebb2af005c697ae
N5,all,家族,かぞく,가족.,https://ja.dict.naver.com/#/entry/jako/4c5ab35af6d14ec882afb646807cbcd3
N5,all,角,かど,모난 귀퉁이; 모서리.,https://ja.dict.naver.com/#/entry/jako/83b3ed34222445cc91d2f511afd9c291
N5,all,鞄,かばん,가방.,https://ja.dict.naver.com/#/entry/jako/b7fa2dab127548c583754f4135ba3315
N5,all,花瓶,かびん,화병; 꽃병.,https://ja.dict.naver.com/#/entry/jako/8b583cdce4464ba09d12429106b7576e
N5,all,,,,https://ja.dict.naver.com/#/entry/jako/a9f29bce23464a62944e48a18815a7fb
N5,all,齧る·嚙る,かぶる,덥석 물다; 한 모금에 마시다.,https://ja.dict.naver.com/#/entry/jako/52fa13ab1173435999ab9bc57d1cd04a
N5,all,紙,かみ,종이.,https://ja.dict.naver.com/#/entry/jako/dd12c94f0c2d454b810caa84789e46f4
N5,all,火曜日,かようび,화요일.,https://ja.dict.naver.com/#/entry/jako/6c2d1fd54169453bb19fb5c8e12115fa
N5,all,辛い·鹹い,からい,맵다; 얼얼하다.,https://ja.dict.naver.com/#/entry/jako/28cdac6f93774f5192e4ae71c2269410
N5,all,体·躰·軀·身体,からだ,몸.,https://ja.dict.naver.com/#/entry/jako/10c860a592d5477bbcef0da7deb5779e
N5,all,借りる,かりる,빌리다; 꾸다.,https://ja.dict.naver.com/#/entry/jako/4803b56bdf03409cb4ed31238bfd0b20
N5,all,軽い,かるい,가볍다.,https://ja.dict.naver.com/#/entry/jako/f0e3523d08934bfa8e5bc4ece9a05562
N5,all,川·河,かわ,강; 시내; 내; 하천.,https://ja.dict.naver.com/#/entry/jako/8d11967ef426443b9505897f3bb64a2c
N5,all,可愛い,かわいい,귀엽다; 예쁘다.,https://ja.dict.naver.com/#/entry/jako/2ad894a4830e43dfb3bb9e1597d660ef
N5,all,漢字,かんじ,한자.,https://ja.dict.naver.com/#/entry/jako/0018221d642c40dfa979a8204a7f1aab
N5,all,外国人,がいこくじん,외국인; 다른 나라 사람.,https://ja.dict.naver.com/#/entry/jako/e4b37800c9b548cfb41ae7bc678bed28
N5,all,学生,がくせい,"학생; 특히, 대학생.",https://ja.dict.naver.com/#/entry/jako/18f9df6bbc234bffb3a5c44282f1815e
N5,all,学校,がっこう,학교.,https://ja.dict.naver.com/#/entry/jako/1c9f23d072a7425e823b84216f5d7430
N5,all,木·樹,き,나무; 수목.,https://ja.dict.naver.com/#/entry/jako/e80d6322d8b549c68e3258574997e494
N5,all,黄色い,きいろい,노랗다.,https://ja.dict.naver.com/#/entry/jako/246ec79ea44e452f89d4749c96e63e87
N5,all,消える,きえる,꺼지다.,https://ja.dict.naver.com/#/entry/jako/5652f65bd66f45f5ac1b9c53d10d8110
N5,all,聞く·聴く,きく,(소리나 이야기를) 듣다.,https://ja.dict.naver.com/#/entry/jako/ca1bf1a60e63452286b38b5b1eb722cf
N5,all,北,きた,북.,https://ja.dict.naver.com/#/entry/jako/571afdd7df9047198e53cd51ee612234
N5,all,汚い·穢い,きたない,더럽다.,https://ja.dict.naver.com/#/entry/jako/8112570e0eac480a838e7cb897e92426
N5,all,喫茶店,きっさてん,찻집; 카페; 커피∙홍차 등 음료나 가벼운 식사를 제공하는 음식점.,https://ja.dict.naver.com/#/entry/jako/a02ba6bca5ce4c618059cdf9a40fcc91
N5,all,切手,きって,‘郵便切手’의 준말; 우표.,https://ja.dict.naver.com/#/entry/jako/0a091fc714d1494ba9685fd2d8fc5349
N5,all,切符,きっぷ,표((차표·승차권·입장권 따위)); 티켓.,https://ja.dict.naver.com/#/entry/jako/5f1f6b1a799440098b8a068ad094f636
N5,all,昨日,きのう,어제.,https://ja.dict.naver.com/#/entry/jako/60d1c11c8fa34acf96fec8d6e871a389
N5,all,九,きゅう,구; 아홉.,https://ja.dict.naver.com/#/entry/jako/2b7c444de0e242758f091567631f27be
N5,all,九円,きゅうえん,9엔,https://ja.dict.naver.com/#/entry/jako/e3377dfe39e2411e9f730caeb663585e
N5,all,九階,きゅうかい,9층,https://ja.dict.naver.com/#/entry/jako/88b095ecf5474780aaa31bb97750723b
N5,all,九回,きゅうかい,9회,https://ja.dict.naver.com/#/entry/jako/abade33fc25446cebbcb3b1c6ddba505
N5,all,九個,きゅうこ,9개,https://ja.dict.naver.com/#/entry/jako/d152097937d34c93bd9a6725a6b43f3a
N5,all,九人,きゅうにん,9명,https://ja.dict.naver.com/#/entry/jako/1291ab5c5943498aa16dfdaf939873ce
N5,all,九年,きゅうねん,9년,https://ja.dict.naver.com/#/entry/jako/271a8739174c4dfca160e4e4e5c85e96
N5,all,九杯,きゅうはい,아홉 잔,https://ja.dict.naver.com/#/entry/jako/0e8018d5e63845feb4e3cfb71c2a79a4
N5,all,九倍,きゅうばい,9배,https://ja.dict.naver.com/#/entry/jako/3371e9f7c9b14041ab298d4254bcaa21
N5,all,九番,きゅうばん,9번,https://ja.dict.naver.com/#/entry/jako/e6952ae97a24454786f8059637d87e6a
N5,all,九匹,きゅうひき,9마리,https://ja.dict.naver.com/#/entry/jako/b33d721b09fa4368bc991b4673720653
N5,all,九分,きゅうふん,9분,https://ja.dict.naver.com/#/entry/jako/3d192c4ea44a4849b4a88a6a44d5d223
N5,all,九本,きゅうほん,9자루,https://ja.dict.naver.com/#/entry/jako/1ba7e298bd56440d8c9d1ef01f08f17a
N5,all,九枚,きゅうまい,9장,https://ja.dict.naver.com/#/entry/jako/7119c0f81b84406694cfe052961cc929
N5,all,今日,きょう,오늘.,https://ja.dict.naver.com/#/entry/jako/38b533082d4e4343bdb08433eddbe953
N5,all,教室,きょうしつ,교실.,https://ja.dict.naver.com/#/entry/jako/9b1d1f1e53b640fb8f2de08be35a8c51
N5,all,兄弟,きょうだい,형제; 동기(同氣).,https://ja.dict.naver.com/#/entry/jako/0adbbe6445b44043ad31ba0c9f51d3d9
N5,all,去年,きょねん,거년; 작년; 지난해.,https://ja.dict.naver.com/#/entry/jako/0b9e80dbea3d42fcbe0dc56841ed8896
N5,all,嫌い,きらい,싫음; 마음에 들지 않음.,https://ja.dict.naver.com/#/entry/jako/d2c84569a1c6446fb2df6a6d6eae90fb
N5,all,綺麗·奇麗,きれい,고움; 예쁨; 아름다움.,https://ja.dict.naver.com/#/entry/jako/2e1f5c38811649cea295df92fefd012f
N5,all,金曜日,きんようび,금요일,https://ja.dict.naver.com/#/entry/jako/5014a2ff7b47466fbe112dc67b20be25
N5,all,牛肉,ぎゅうにく,우육; 쇠고기.,https://ja.dict.naver.com/#/entry/jako/b218bc5c691a41f5baa56bbf6fd879fd
N5,all,牛乳,ぎゅうにゅう,우유.,https://ja.dict.naver.com/#/entry/jako/4baf4a07f2f24f3c8d0127ac7cc13cd5
N5,all,銀行,ぎんこう,은행.,https://ja.dict.naver.com/#/entry/jako/0314b12ab02d4272852f3c30809f7161
N5,all,九月,くがつ,구월.,https://ja.dict.naver.com/#/entry/jako/a7458902d21e4e68afc5f3346887b2c5
N5,all,九時,くじ,9시,https://ja.dict.naver.com/#/entry/jako/b6d06f3ee94d4a60b1fc3b6ecb7a66c9
N5,all,薬,くすり,약.,https://ja.dict.naver.com/#/entry/jako/69399adc7ea243db834c07253c8bb70a
N5,all,果物·菓物,くだもの,과실; 과일.,https://ja.dict.naver.com/#/entry/jako/ef5b07acfd3040a38b5fbc76a0fade00
N5,all,くち,くち,입.,https://ja.dict.naver.com/#/entry/jako/653acb8b18d544c2b7aeef283f7fb6fb
N5,all,靴·履·沓·鞋,くつ,신; 신발; 구두.,https://ja.dict.naver.com/#/entry/jako/d552f8ce59924fc999b8dc7dfa2d63b3
N5,all,靴下·沓下,くつした,양말.,https://ja.dict.naver.com/#/entry/jako/eccddaad0f6b421fb67a94e525b8bb9c
N5,all,国·邦,くに,나라.,https://ja.dict.naver.com/#/entry/jako/8f8a56b9b4de4a2c98315a22b83178fc
N5,all,九人,くにん,9명,https://ja.dict.naver.com/#/entry/jako/f6d7aa27300e4b4d94c053035e0e7a04
N5,all,暗い,くらい,어둡다.,https://ja.dict.naver.com/#/entry/jako/e9cfa1eb974b4de4985069da3098eeed
N5,all,位,くらい,지위; 계급.,https://ja.dict.naver.com/#/entry/jako/fd4f18726b1840cd8172335e2da5059e
N5,all,来る,くる,오다.,https://ja.dict.naver.com/#/entry/jako/d442dcabe00f414bb11ff77d2706df3f
N5,all,車,くるま,(자동차·짐수레·인력거·소달구지 등) 탈것의 총칭((흔히 자동차를 말함)); 차.,https://ja.dict.naver.com/#/entry/jako/17b2c93ab082453380331ec6e46bbb49
N5,all,黒い,くろい,검다.,https://ja.dict.naver.com/#/entry/jako/f885f94c2f6545eaa70ed297628e49a1
N5,all,位,ぐらい,정도; 만큼; 쯤.,https://ja.dict.naver.com/#/entry/jako/820a8df86f6443d094a440a5595a4083
N5,all,警官,けいかん,‘警察官’의 준말; 경관; 경찰(관).,https://ja.dict.naver.com/#/entry/jako/6204b668b06f4af0b7afa6acc8dc8bd7
N5,all,今朝,けさ,오늘 아침.,https://ja.dict.naver.com/#/entry/jako/f433db051b5342c3a9835a3365fb0b82
N5,all,消す,けす,끄다.,https://ja.dict.naver.com/#/entry/jako/a04d8126b1134a469b10e0d049eb16b4
N5,all,結婚,けっこん,결혼.,https://ja.dict.naver.com/#/entry/jako/fd19fa8a23fb47df84388e64d9bfe490
N5,all,月曜日,げつようび,월요일,https://ja.dict.naver.com/#/entry/jako/160f39821b4a46319d5fe6f9d869f410
N5,all,元気,げんき,원기; 기력; 건강한 모양.,https://ja.dict.naver.com/#/entry/jako/1324ad3e595445a0bb041dc5f0c97ede
N5,all,公園,こうえん,공원.,https://ja.dict.naver.com/#/entry/jako/311c9755d518431b858ca6d69c4f3c7b
N5,all,紅茶,こうちゃ,홍차.,https://ja.dict.naver.com/#/entry/jako/f536ba35daf9463c9570858d2479c1da
N5,all,交番,こうばん,‘交番所(=파출소의 속칭)’의 준말.,https://ja.dict.naver.com/#/entry/jako/b78aa819b82c4449985aea2c74a5d728
N5,all,こえ,こえ,소리.,https://ja.dict.naver.com/#/entry/jako/5432f2fec18a44c995268799b5935866
N5,all,此処·此所,ここ,근칭(近称)의 지시 대명사.,https://ja.dict.naver.com/#/entry/jako/e679299b17784c3495abfd21e3dfaa99
N5,all,九日,ここのか,구일.,https://ja.dict.naver.com/#/entry/jako/0148c022de494f7c8f859e31cf3a486e
N5,all,答える,こたえる,대답하다; 답하다.,https://ja.dict.naver.com/#/entry/jako/411b73aa0f684c10974ac2a09efbd9a2
N5,all,此方,こちら,이쪽.,https://ja.dict.naver.com/#/entry/jako/9d966c4953314d5682461e083d49c306
N5,all,こちらこそ,こちらこそ,저[나]야말로.,https://ja.dict.naver.com/#/entry/jako/4b5fb65ab60045cd90263b4fb04a502e
N5,all,今年,ことし,올해; 금년.,https://ja.dict.naver.com/#/entry/jako/7ec838d40cc046009e90f892f4ac0eb5
N5,all,子供·子ども,こども,아이; 어린아이.,https://ja.dict.naver.com/#/entry/jako/07ce6fa4900c47f5a1a9ba5a28ccd7f3
N5,all,此の,この,(심리적·공간적·시간적으로) 이야기하는 사람에게서 가까운 것을 가리킴: 이.,https://ja.dict.naver.com/#/entry/jako/67d6c81aa8304996a277f765ea83a4fd
N5,all,困る,こまる,곤란하다.,https://ja.dict.naver.com/#/entry/jako/0f5a37afa3ce41269fb4f9a81bfd7260
N5,all,此れ·是·之,これ,시간적‧공간적으로 근처에 있는 것을 가리키는 말.,https://ja.dict.naver.com/#/entry/jako/1a3afebdea8f4767ae405d133379825a
N5,all,今月,こんげつ,금월; 이달.,https://ja.dict.naver.com/#/entry/jako/5580097b6b0148f6b849deaa26a7cfce
N5,all,今週,こんしゅう,금주; 이번 주.,https://ja.dict.naver.com/#/entry/jako/8b16b99d86b14f07901d5d440787a060
N5,all,こんな,こんな,이러한; 이와 같은.,https://ja.dict.naver.com/#/entry/jako/5e878b89d8034a70b208cdf19d1d64b8
N5,all,今日は,こんにちは,안녕하십니까; 안녕하세요((낮에 사람을 만나거나 타인의 집을 방문할 때 하는 인사말)).,https://ja.dict.naver.com/#/entry/jako/01164b49429f452e9470ce77a24b1c14
N5,all,今晩,こんばん,오늘 밤.,https://ja.dict.naver.com/#/entry/jako/2647cea8f2fd468cbff1176329d9ea3c
N5,all,今晩は,こんばんは,안녕하십니까; 안녕하세요((밤에 사람을 만나거나 타인의 집을 방문할 때 하는 인사말)).,https://ja.dict.naver.com/#/entry/jako/9855ab9abc2c42eb9d7555844e9819ed
N5,all,五,ご,오.,https://ja.dict.naver.com/#/entry/jako/46dfcbc012374f7484f021f63b3f9be2
N5,all,五円,ごえん,5엔,https://ja.dict.naver.com/#/entry/jako/ec939e72bfaa4cf384f324c35ac5ad82
N5,all,五回,ごかい,5회,https://ja.dict.naver.com/#/entry/jako/7720fb9fa8174cd68ba380414abb5936
N5,all,五階,ごかい,5층,https://ja.dict.naver.com/#/entry/jako/0402ae37efce4716a5541564e6670442
N5,all,五月,ごがつ,오월.,https://ja.dict.naver.com/#/entry/jako/039b1c696a434989968e16313424f7a4
N5,all,五個,ごこ,5개,https://ja.dict.naver.com/#/entry/jako/b102492181ba4288bea23cca2c5d7ff8
N5,all,午後·午后,ごご,오후.,https://ja.dict.naver.com/#/entry/jako/543002d05ab24bd7b7256606f703afdf
N5,all,五時,ごじ,오시.,https://ja.dict.naver.com/#/entry/jako/72513c1bd9724dec9153c195c4e6b161
N5,all,午前,ごぜん,오전.,https://ja.dict.naver.com/#/entry/jako/6e5c7b3d37684ac5be2ec74e522ce34f
N5,all,ごちそうさまでした,ごちそうさまでした,잘 먹었습니다,https://ja.dict.naver.com/#/entry/jako/2fbfed167a60454b9811d1435758e17c
N5,all,五人,ごにん,5명,https://ja.dict.naver.com/#/entry/jako/fb6d440d166d45478988ddc3b9c1c746
N5,all,五年,ごねん,5년,https://ja.dict.naver.com/#/entry/jako/64fe4b654e204819ba39b9952946483e
N5,all,五杯,ごはい,다섯 잔,https://ja.dict.naver.com/#/entry/jako/43b5f859fb2348db8ecb6c5abcf7303c
N5,all,ご飯∙御飯,ごはん,‘めし(=밥)·食事(=식사)’의 공손한 말씨.,https://ja.dict.naver.com/#/entry/jako/63a3d20e685a4f79b98a2b8c4485a2ea
N5,all,五倍,ごばい,5배,https://ja.dict.naver.com/#/entry/jako/7ec9c6394a1e4f8080f0e210b152e80f
N5,all,五番,ごばん,5번,https://ja.dict.naver.com/#/entry/jako/55d942c0b736454c81c07318a6f46337
N5,all,五匹,ごひき,5마리,https://ja.dict.naver.com/#/entry/jako/cdcb06ae625947969141d37dc8e6c699
N5,all,五分,ごふん,5분,https://ja.dict.naver.com/#/entry/jako/a89b676423ed456081f5b05377725d82
N5,all,五本,ごほん,5자루,https://ja.dict.naver.com/#/entry/jako/f61099eaea79461da9ec667f9e8e0f2e
N5,all,五枚,ごまい,5장,https://ja.dict.naver.com/#/entry/jako/6dacee03d2544858ada3e0ec248c3902
N5,all,ごめんなさい,ごめんなさい,미안합니다,https://ja.dict.naver.com/#/entry/jako/b6bfe94a2328410c9da2876dbb667186
N5,all,財布,さいふ,(돈)지갑.,https://ja.dict.naver.com/#/entry/jako/0d89ae31d7f34a309d7fb01b222b190f
N5,all,魚,さかな,물고기; 생선.,https://ja.dict.naver.com/#/entry/jako/6e483d8201d94c0f88516e7ea77e81be
N5,all,先·前,さき,끝.,https://ja.dict.naver.com/#/entry/jako/33100f06cbe745b0b6a6134b3f9a2dde
N5,all,咲く,さく,(꽃이) 피다.,https://ja.dict.naver.com/#/entry/jako/5fe13fe5f94d48ada625d695ec139a5f
N5,all,作文,さくぶん,작문; 글짓기.,https://ja.dict.naver.com/#/entry/jako/02dd003e7d0547f4b0015fce70762103
N5,all,寒い,さむい,춥다; 차다.,https://ja.dict.naver.com/#/entry/jako/8fd62628fb71402a84f7d15759981b31
N5,all,左様なら,さようなら,안녕; 안녕히 가십시오[계십시오]; 안녕히 가세요[계세요]((헤어질 때의 인사말)).,https://ja.dict.naver.com/#/entry/jako/0fd4c8d3347840748e8d5c9c8aeafd43
N5,all,三·参,さん,삼; 셋.,https://ja.dict.naver.com/#/entry/jako/9b3edc708f584a119cd755f725201423
N5,all,三円,さんえん,3엔,https://ja.dict.naver.com/#/entry/jako/2213c25d28a840a29a4d023ec2f78e29
N5,all,三階,さんかい,3층,https://ja.dict.naver.com/#/entry/jako/1b724fedf271405581de7ec16054d46a
N5,all,三回,さんかい,3회,https://ja.dict.naver.com/#/entry/jako/118eef7c4efb43049408b191efdbe9c9
N5,all,三月,さんがつ,3월.,https://ja.dict.naver.com/#/entry/jako/eb6036a5c3a442d3b14b346fe32fd5b9
N5,all,三個,さんこ,3개,https://ja.dict.naver.com/#/entry/jako/5897d59c5d94409a86aea00b576ed684
N5,all,三時,さんじ,오후의 간식; 오후 3시쯤에 먹는 간식.,https://ja.dict.naver.com/#/entry/jako/7af33d7362a14ceba393915962b54a2f
N5,all,31日,さんじゅういちにち,31일,https://ja.dict.naver.com/#/entry/jako/a1c21762c6174865896e9d639aab2ef0
N5,all,30日,さんじゅうにち,30일,https://ja.dict.naver.com/#/entry/jako/f65fdd816e75494296b0eeae8c2757a5
N5,all,三人,さんにん,삼인; 세 사람.,https://ja.dict.naver.com/#/entry/jako/0f4d5cb9bc95461ba347b7b0fceadbf8
N5,all,三年,さんねん,삼년,https://ja.dict.naver.com/#/entry/jako/cb4d35d1468e4d038d9abbd2e06e5776
N5,all,三杯,さんばい,세 잔;석 잔,https://ja.dict.naver.com/#/entry/jako/84903164539441aea2928bcd2f1494d2
N5,all,三倍,さんばい,3배,https://ja.dict.naver.com/#/entry/jako/7aef31b3f3704c16a94cd18b1b420549
N5,all,三番,さんばん,셋; 세 번.,https://ja.dict.naver.com/#/entry/jako/ee9a33555624466087bff9ffeaabb800
N5,all,三匹,さんびき,3마리,https://ja.dict.naver.com/#/entry/jako/6d923e18859a40baa2609469f5a6441e
N5,all,三分,さんぷん,3분,https://ja.dict.naver.com/#/entry/jako/6ec5547c316746389519410c6cfd72be
N5,all,三本,さんぼん,세 자루[그루]; 세 대; 세 개; 세 판.,https://ja.dict.naver.com/#/entry/jako/4371ab0f2657479ca6ab5a00fcf9b8c4
N5,all,散歩,さんぽ,산보; 산책.,https://ja.dict.naver.com/#/entry/jako/3f92b64e575348aa893113e660f2a78a
N5,all,三枚,さんまい,석 장.,https://ja.dict.naver.com/#/entry/jako/9ad71176de5640c2b1dfbab7c5612c45
N5,all,雑誌,ざっし,잡지.,https://ja.dict.naver.com/#/entry/jako/7ec66d0508064666979dbfe8c675eaa7
N5,all,四,し,사; 넷.,https://ja.dict.naver.com/#/entry/jako/3db0e87c1c73471280eeca0a49a1213f
N5,all,塩,しお,소금; 식염.,https://ja.dict.naver.com/#/entry/jako/5ed369b88a8e446582c49be6aab9cbf4
N5,all,四月,しがつ,사월.,https://ja.dict.naver.com/#/entry/jako/30cde32e299f439d9d0cc6bdcedd62b6
N5,all,仕事,しごと,(해야 할) 일; 업무; (무엇을 이루기 위한) 행동.,https://ja.dict.naver.com/#/entry/jako/6c71bd27b44f4b5b8013cfece710a34c
N5,all,静か·閑か·寂か,しずか,조용[고요]한 모양·상태.,https://ja.dict.naver.com/#/entry/jako/5691b93cbad9408f9db10b1d1c8c26a2
N5,all,下,した,아래; 밑.,https://ja.dict.naver.com/#/entry/jako/18ac0e87d47944a39f257acc13b736f0
N5,all,七,しち,칠; 일곱.,https://ja.dict.naver.com/#/entry/jako/00e66540400848be9453124d75a36599
N5,all,七月,しちがつ,칠월.,https://ja.dict.naver.com/#/entry/jako/0cfc8b5eb2404aad8d59467c9a8cfa9c
N5,all,七時,しちじ,7시,https://ja.dict.naver.com/#/entry/jako/3744f162ade44742ba952d3e84b81b7b
N5,all,七人,しちにん,7명,https://ja.dict.naver.com/#/entry/jako/c6ce72da348e4eaa84a07e6d51a9f0f0
N5,all,七年,しちねん,7년,https://ja.dict.naver.com/#/entry/jako/9d8354f5878446f59f59d0331e0cd638
N5,all,七分,しちふん,7분,https://ja.dict.naver.com/#/entry/jako/d5d962d442034d589f79d47532d87629
N5,all,七枚,しちまい,7장,https://ja.dict.naver.com/#/entry/jako/83c9c20590cf4a228be623f11b5617e5
N5,all,失礼します,しつれいします,실례합니다; 실례하겠습니다.,https://ja.dict.naver.com/#/entry/jako/ab8874adf0ab4383afcde818a0926bed
N5,all,死ぬ,しぬ,죽다.,https://ja.dict.naver.com/#/entry/jako/204056f1d83944f5a3b36fed409b0fec
N5,all,閉(ま)る,しまる,닫히다.,https://ja.dict.naver.com/#/entry/jako/ff7e759d1563483fba43a6c351f8ec56
N5,all,締める,しめる,죄다.,https://ja.dict.naver.com/#/entry/jako/db408676e50e48949aea5a1fc4228934
N5,all,閉める,しめる,(문 따위를) 닫다.,https://ja.dict.naver.com/#/entry/jako/e6e5366203a24652a4e64b9f46fa1cde
N5,all,写真,しゃしん,사진.,https://ja.dict.naver.com/#/entry/jako/2a7824e75f8c47e1965998cab7512607
N5,all,宿題,しゅくだい,숙제.,https://ja.dict.naver.com/#/entry/jako/5872eacf640241a790fd2e8b5e94d91f
N5,all,食堂,しょくどう,식당.,https://ja.dict.naver.com/#/entry/jako/cfb71bd26e6c40daa42530e1e21dd7ca
N5,all,白い,しろい,희다; 하얗다.,https://ja.dict.naver.com/#/entry/jako/d0152ab5cb624c9b85f61f2512fae0a9
N5,all,新聞,しんぶん,신문.,https://ja.dict.naver.com/#/entry/jako/6757b29b11d04941bc93e930a786c0b4
N5,all,,,,https://ja.dict.naver.com/#/entry/jako/7b06c0d7faec4c3daf3f3e19d31e3572
N5,all,辞書,じしょ,사서(辭書); 사전.,https://ja.dict.naver.com/#/entry/jako/cbdf17066c774ad0958a27f5740f5004
N5,all,十階,じっかい,10층,https://ja.dict.naver.com/#/entry/jako/a3f7d4150be0478cb746dce7442f1db3
N5,all,十回,じっかい,10회,https://ja.dict.naver.com/#/entry/jako/44302dde332a43c9b224fe72122ebe54
N5,all,十個,じっこ,10개,https://ja.dict.naver.com/#/entry/jako/a1768d5d551049d4a0e37a874ca573a7
N5,all,十杯,じっぱい,열 잔,https://ja.dict.naver.com/#/entry/jako/9517e9da2d4c456aa88c9a975984be3c
N5,all,十匹,じっぴき,10마리,https://ja.dict.naver.com/#/entry/jako/c74b251b7d0c46c7ac313daa4e6f147b
N5,all,十分,じっぷん,10분,https://ja.dict.naver.com/#/entry/jako/852893cd7139469ca400aa25c4ef78ed
N5,all,十本,じっぽん,10자루,https://ja.dict.naver.com/#/entry/jako/28808857c6194d33b03230dde7311001
N5,all,十·拾,じゅう,십.,https://ja.dict.naver.com/#/entry/jako/b33ffb9cd5434adeacd81342cdb6cda3
N5,all,十一月,じゅういちがつ,11월; 동짓달.,https://ja.dict.naver.com/#/entry/jako/a8d075c0d1794f6ea258939b02c4d363
N5,all,十一時,じゅういちじ,11시,https://ja.dict.naver.com/#/entry/jako/44ced963db5e4c8fa38b1c0c2fc64b2c
N5,all,十円,じゅうえん,10엔,https://ja.dict.naver.com/#/entry/jako/abd50a7bc0344c6883cc70df46bb8d82
N5,all,十月,じゅうがつ,시월.,https://ja.dict.naver.com/#/entry/jako/087e7f63327045138418a46293843b78
N5,all,19日,じゅうくにち,19일,https://ja.dict.naver.com/#/entry/jako/4f8047a6a70f45d0ad4bb65315280c5f
N5,all,15日,じゅうごにち,15일,https://ja.dict.naver.com/#/entry/jako/8781aa23109a446a9c303e18d8a8c4ae
N5,all,13日,じゅうさんにち,13일,https://ja.dict.naver.com/#/entry/jako/e54db277e3a84d56afcb98bbbce470d7
N5,all,17日,じゅうしちにち,17일,https://ja.dict.naver.com/#/entry/jako/e71b19ff033d4be3b697c941c3913e96
N5,all,十時,じゅうじ,10시,https://ja.dict.naver.com/#/entry/jako/17e663326acb44dcaf314ad3ae27f1c4
N5,all,十二月,じゅうにがつ,12월; 섣달.,https://ja.dict.naver.com/#/entry/jako/4d4d4c8725894b8c8b7dd1be6b339230
N5,all,十二時,じゅうにじ,12시,https://ja.dict.naver.com/#/entry/jako/6fb3e0311fc2477cbaa7823e04c5a10a
N5,all,12日,じゅうににち,12일,https://ja.dict.naver.com/#/entry/jako/cac7757a1bad419b8b30bc0f94d748d6
N5,all,十人,じゅうにん,10명,https://ja.dict.naver.com/#/entry/jako/82e941667824444ca7b42fe4d8422531
N5,all,十年,じゅうねん,10년,https://ja.dict.naver.com/#/entry/jako/cbe7a84198164e04827c45c8649481dc
N5,all,18日,じゅうはちにち,18일,https://ja.dict.naver.com/#/entry/jako/48b656d2f2e7477faed73e285cf8f93e
N5,all,十倍,じゅうばい,10배,https://ja.dict.naver.com/#/entry/jako/db3fc20a05a54988b7813a39e3ca231b
N5,all,十番,じゅうばん,10번,https://ja.dict.naver.com/#/entry/jako/dadbd29cc99444f9ba2478cdc80f7782
N5,all,十枚,じゅうまい,10장,https://ja.dict.naver.com/#/entry/jako/dca4156f88f54369bf8f97464b3b3b39
N5,all,14日,じゅうよっか,14일,https://ja.dict.naver.com/#/entry/jako/6cee70c1bc404111b12b6ed4be0e4a51
N5,all,16日,じゅうろくにち,16일,https://ja.dict.naver.com/#/entry/jako/3a9c4dd859c547be90c77fc503169361
N5,all,十階,じゅっかい,10층,https://ja.dict.naver.com/#/entry/jako/0983d3bd01c74004be81a66544a16a80
N5,all,十回,じゅっかい,10회,https://ja.dict.naver.com/#/entry/jako/382f4ca31a1e4effa485916ce8aa00de
N5,all,十個,じゅっこ,10개,https://ja.dict.naver.com/#/entry/jako/6660de6daa6b454ca7c54d2441c44c2c
N5,all,十杯,じゅっぱい,열 잔,https://ja.dict.naver.com/#/entry/jako/db5f5ba8029c4aaab4c1ca55ad895c61
N5,all,十匹,じゅっぴき,10마리,https://ja.dict.naver.com/#/entry/jako/3541c19c0b2245acbf5b18d700a22587
N5,all,十分,じゅっぷん,10분,https://ja.dict.naver.com/#/entry/jako/7557e03fff0c42df900b7bad28f57af1
N5,all,十本,じゅっぽん,10자루,https://ja.dict.naver.com/#/entry/jako/c2209a3f884e4ac8b1ed810e2670baff
N5,all,,,,https://ja.dict.naver.com/#/entry/jako/42c420088f1b4340977bac28fe71d814
N5,all,丈夫,じょうぶ,건강함; 강건함.,https://ja.dict.naver.com/#/entry/jako/68e2a441da694e49b709b8319cf414c6
N5,all,水曜日,すいようび,수요일,https://ja.dict.naver.com/#/entry/jako/ef0493f5d7224a1aa481f7f51ba3afc1
N5,all,吸う,すう,(공기 따위를) 들이마시다.,https://ja.dict.naver.com/#/entry/jako/a6f1b183abcd472680162f436cf46433
N5,all,好き,すき,좋아함.,https://ja.dict.naver.com/#/entry/jako/00d1439431f940edaeb4d158586362a7
N5,all,少ない·尠い·寡い,すくない,(양이나 수효 등이) 적다.,https://ja.dict.naver.com/#/entry/jako/e1e3787a5b91417196fe71e708141650
N5,all,直ぐ,すぐ,곧; 즉시; 바로.,https://ja.dict.naver.com/#/entry/jako/a4ff42ed3f414dedaf0c6d51cb527207
N5,all,少し,すこし,조금; 약간; 좀.,https://ja.dict.naver.com/#/entry/jako/8522ec5c9efc42a585b652d81958671b
N5,all,済みません,すみません,済まない의 정중한 말((상대에게 사죄∙감사∙의뢰 등을 할 때 사용함)).,https://ja.dict.naver.com/#/entry/jako/25486efe7c5a4ba5bc53109d332e14e7
N5,all,住む∙棲む∙栖む,すむ,살다.,https://ja.dict.naver.com/#/entry/jako/6f0abb4fc4994fc0a9965ac429e475b4
N5,all,為る,する,(단독으로 또는 ‘…(を)する’∙‘…を…する’의 꼴로) 하다.,https://ja.dict.naver.com/#/entry/jako/ff0d7f32857a4cc2a39068d74da4dad6
N5,all,座る·坐る,すわる,앉다.,https://ja.dict.naver.com/#/entry/jako/56b3f69084c94c69be8e9b660d3d9912
N5,all,背·脊,せ,등.,https://ja.dict.naver.com/#/entry/jako/0c96373ab8ed4ebba32fa7a6fd499ea2
N5,all,生徒,せいと,학생(중·고교 학생).,https://ja.dict.naver.com/#/entry/jako/168ab14b029649f68f5e81e3e272c847
N5,all,石鹸·石けん,せっけん,비누.,https://ja.dict.naver.com/#/entry/jako/081f8eb8a4114bd1bd3b7c79097e7ed8
N5,all,節倹,せっけん,절검; 절약; 검약(儉約).,https://ja.dict.naver.com/#/entry/jako/3b656789530d47128a1999fc37430210
N5,all,狭い,せまい,좁다.,https://ja.dict.naver.com/#/entry/jako/129216342b414f3f8091364e302615f3
N5,all,千,せん,"천; 또, 수많음의 비유.",https://ja.dict.naver.com/#/entry/jako/f2137e569f6c454786cc894525c4b6ce
N5,all,先月,せんげつ,선월; 지난달.,https://ja.dict.naver.com/#/entry/jako/6ccda3c8f3324625adad4f9da54d2b30
N5,all,先週,せんしゅう,전주; 지난주.,https://ja.dict.naver.com/#/entry/jako/db6ed501a99e40eeaf046e60491a7913
N5,all,先生,せんせい,선생(님).,https://ja.dict.naver.com/#/entry/jako/324f78c4d015484cbca7a45bdfc74e59
N5,all,其処·其所,そこ,거기.,https://ja.dict.naver.com/#/entry/jako/0b31d7b222f243fbaadaa910a00fb639
N5,all,其方,そちら,그쪽.,https://ja.dict.naver.com/#/entry/jako/7f4e437fc2024fe89174a743c6964882
N5,all,外,そと,밖; 바깥.,https://ja.dict.naver.com/#/entry/jako/55a1b22902504e1fab14f13784fe7253
N5,all,其の·夫の,その,그.,https://ja.dict.naver.com/#/entry/jako/52c83b2742be4a32bc987d9dc4e8e32f
N5,all,蕎麦,そば,메밀.,https://ja.dict.naver.com/#/entry/jako/31e04638f914483c8ba04f22e98070c4
N5,all,そら,そら,하늘.,https://ja.dict.naver.com/#/entry/jako/c8c6da792a6e4157bc5a28d30238a5b9
N5,all,,,,https://ja.dict.naver.com/#/entry/jako/f00618c85818487c8eba6b18a5a66369
N5,all,そんな,そんな,그러한; 그런; 그와 같은.,https://ja.dict.naver.com/#/entry/jako/d914fa4e05f845aea22a9baf0c28c02c
N5,all,大変,たいへん,대사건; 중대사.,https://ja.dict.naver.com/#/entry/jako/045f4d00183c48579330e737232e59df
N5,all,高い,たかい,높다.,https://ja.dict.naver.com/#/entry/jako/a8c2365a513846939abda8b49b2dc28a
N5,all,沢山,たくさん,(수나 분량이) 많음.,https://ja.dict.naver.com/#/entry/jako/03e1c80e16d44865ad687b51ead1ac20
N5,all,立つ,たつ,일어서다.,https://ja.dict.naver.com/#/entry/jako/fde0a000199048eeb9db8e7f74d3af30
N5,all,建物,たてもの,건물; 건축물; 사람이 살거나 일을 하거나 물건을 넣어 두기 위하여 지은 집의 총칭.,https://ja.dict.naver.com/#/entry/jako/73e263f098334eed9915574f6dd10794
N5,all,楽しい,たのしい,즐겁다; 유쾌하다.,https://ja.dict.naver.com/#/entry/jako/1559c32f4e4748df8446b5c58de22109
N5,all,食べ物,たべもの,음식물; 먹을 것.,https://ja.dict.naver.com/#/entry/jako/c42e492ddb044d55a21a527d54d2f0b5
N5,all,食べる,たべる,먹다.,https://ja.dict.naver.com/#/entry/jako/c650d30f378b49dca0ecd6ea85fcc258
N5,all,卵·玉子,たまご,알.,https://ja.dict.naver.com/#/entry/jako/1f9bc768684140f2b5511c5b42e1cd6d
N5,all,誕生日,たんじょうび,(탄)생일; 출생일.,https://ja.dict.naver.com/#/entry/jako/781a93a7582e4f26827ae5fd20f4f5bc
N5,all,大学,だいがく,대학.,https://ja.dict.naver.com/#/entry/jako/cd6e62fd226f457ba1491593b89805a9
N5,all,大丈夫,だいじょうぶ,"괜찮음; 걱정 없음; 끄떡없음, 문제없음; 틀림없음.",https://ja.dict.naver.com/#/entry/jako/14ca8bf3265b4c549acb5c32e4d10b3f
N5,all,大好き,だいすき,매우 좋아하는 모양.,https://ja.dict.naver.com/#/entry/jako/d1901e073590454e902ac0b6a7af0470
N5,all,台所,だいどころ,부엌; 주방.,https://ja.dict.naver.com/#/entry/jako/6d18dd500cb64551b1e72d2567e12892
N5,all,だけ,だけ,정도·범위의 한계를 나타냄.,https://ja.dict.naver.com/#/entry/jako/19602580597e49939478cabd4a9ac138
N5,all,出す,だす,내다.,https://ja.dict.naver.com/#/entry/jako/a29103ab81e34ab0add91e522f47fe37
N5,all,誰,だれ,(부정칭(不定称)의 인칭 대명사) 누구.,https://ja.dict.naver.com/#/entry/jako/577b1e388d1a425282e3e6ca9032b4fc
N5,all,,,,https://ja.dict.naver.com/#/entry/jako/e519d8829cdf4c65b81c47d6788e8f5b
N5,all,小さい,ちいさい,작다.,https://ja.dict.naver.com/#/entry/jako/c640ebd90c364d188a34e9e2b0eee7c2
N5,all,小さな,ちいさな,작은.,https://ja.dict.naver.com/#/entry/jako/1f7ca107696d44319f3b9a8718aea402
N5,all,近い,ちかい,가깝다.,https://ja.dict.naver.com/#/entry/jako/6db5d1c8adb64bc1aa2f0328fb810959
N5,all,近く,ちかく,가까운 곳; 근처.,https://ja.dict.naver.com/#/entry/jako/ed596dd43974475f89572d2c4ac8c002
N5,all,地下鉄,ちかてつ,‘地下鉄道'의 준말; 지하철.,https://ja.dict.naver.com/#/entry/jako/5117e24006374bc586eee1605cc7e160
N5,all,父,ちち,아버지.,https://ja.dict.naver.com/#/entry/jako/13cf433d2bed40ab863cbe25e3bbad92
N5,all,一寸·鳥渡,ちょっと,조금; 좀; 약간.,https://ja.dict.naver.com/#/entry/jako/3c4e0aec9a8a44fbaf7beb2b5d7d1cad
N5,all,一日·朔·朔日,ついたち,초하루.,https://ja.dict.naver.com/#/entry/jako/57ffd020f2394cdaab1a1c5eb5ec4f45
N5,all,使う,つかう,쓰다.,https://ja.dict.naver.com/#/entry/jako/d090e287c8914a0ca39b09b1acd84688
N5,all,次,つぎ,다음; 버금.,https://ja.dict.naver.com/#/entry/jako/c19e03ac040f4301ab20b6a2191612b1
N5,all,机,つくえ,책상.,https://ja.dict.naver.com/#/entry/jako/e2cd77a6e80c4bd9845b30734441cd6c
N5,all,作る·造る,つくる,만들다.,https://ja.dict.naver.com/#/entry/jako/a169f4141d8e4e1ba8ffcbab27e9dcbd
N5,all,強い,つよい,강하다; 세다.,https://ja.dict.naver.com/#/entry/jako/f58982d8047a401193b66619ce4f580e
N5,all,手,て,손.,https://ja.dict.naver.com/#/entry/jako/0f74d83844bc478b940ea358199e939d
N5,all,手紙,てがみ,편지; 서한.,https://ja.dict.naver.com/#/entry/jako/7317afa4735c49f7b2c4a0bf4d4ebfde
N5,all,天気,てんき,날씨.,https://ja.dict.naver.com/#/entry/jako/40d046d57acf4eff9189ff2e42821af0
N5,all,出口,でぐち,출구.,https://ja.dict.naver.com/#/entry/jako/d00db4afe1814b659fbdd3812a4ddfab
N5,all,でも,でも,(의지·허용·희망 등을 나타내는 말씨가 따름) 엄격히 제한하지 않고 대체로 (무엇을 들어서) 말할 때 쓰임: …(이)라도.,https://ja.dict.naver.com/#/entry/jako/48dc6583539744a090140d9e7fd3cce2
N5,all,出る,でる,나가다.,https://ja.dict.naver.com/#/entry/jako/0c70abb2aa3643e598dc8f46381e1272
N5,all,電気,でんき,전기.,https://ja.dict.naver.com/#/entry/jako/40925cd877da446b98350ffd279cf103
N5,all,電車,でんしゃ,전차.,https://ja.dict.naver.com/#/entry/jako/c1ab0ee36fa647638097ea35660647ee
N5,all,,,,https://ja.dict.naver.com/#/entry/jako/62595ca5a4fb43f6a069cf10b414b991
N5,all,遠い,とおい,멀다.,https://ja.dict.naver.com/#/entry/jako/e6c6437ceb50424fbe18d6cae7a532c8
N5,all,十日,とおか,10일간; 열흘.,https://ja.dict.naver.com/#/entry/jako/a093c823c0c54b43975c79942b96ab81
N5,all,時時,ときどき,가끔; 때때로.,https://ja.dict.naver.com/#/entry/jako/07e9172d37d74688b2850d9ad4c5a7ce
N5,all,時計,とけい,시계.,https://ja.dict.naver.com/#/entry/jako/a31685fafe0f4698aaa53b5cf6d44605
N5,all,所·処,ところ,곳.,https://ja.dict.naver.com/#/entry/jako/cf96217564cc48509c14692eca50b06a
N5,all,年·歳,とし,해.,https://ja.dict.naver.com/#/entry/jako/16813e8672864c329f83668e8438589e
N5,all,図書館,としょかん,도서관.,https://ja.dict.naver.com/#/entry/jako/1b7e5a1dc32b49e9b4359ee797b95764
N5,all,迚も,とても,(뒤에 부정어(否定語)가 따름) 아무리 해도; 도저히.,https://ja.dict.naver.com/#/entry/jako/aaa8e1cded634eab84e687aa8eee86ea
N5,all,隣,となり,이웃.,https://ja.dict.naver.com/#/entry/jako/d62534b3259846f3acd7266f8d418878
N5,all,飛ぶ,とぶ,(하늘을) 날다.,https://ja.dict.naver.com/#/entry/jako/8a7c08d72f344dc4afe5631e4ff9e97d
N5,all,友達,ともだち,친구; 벗; 동무.,https://ja.dict.naver.com/#/entry/jako/0b9165c918904b5ea6f5edc67b9df8df
N5,all,鳥·鶏,とり,새; 조류(鳥類).,https://ja.dict.naver.com/#/entry/jako/fe6d5b0e49ca4622a6f7e378c784119e
N5,all,鳥肉,とりにく,"새고기; 특히, 닭고기.",https://ja.dict.naver.com/#/entry/jako/452dc22feaf24eea8ad43bdfac7c38fa
N5,all,撮る,とる,(사진을) 찍다; 촬영하다.,https://ja.dict.naver.com/#/entry/jako/c23686d7c226418782a3241418c09625
N5,all,どう,どう,소나 말을 멈추게 하거나 가만히 있도록 달래는 소리: 우어; 워.,https://ja.dict.naver.com/#/entry/jako/5dbfac8a02604eba8047b2ed0a02456e
N5,all,如何,どう,어떻게.,https://ja.dict.naver.com/#/entry/jako/1e0e2f54f6a54393ad4e8e7f3b9ac4b1
N5,all,如何致しまして,どういたしまして,천만의 말씀(입니다); 별말씀을 다 하십니다((상대방의 말을 부정하여 겸손을 나타낼 때 하는 인사말)).,https://ja.dict.naver.com/#/entry/jako/d0e2be16fbcc437cb15dc0138b92f35f
N5,all,如何して,どうして,어떻게.,https://ja.dict.naver.com/#/entry/jako/08168b5e41af4b51b60c24f3d00825eb
N5,all,何卒,どうぞ,상대방에게 무엇을 권하거나 부탁하는 기분을 나타내는 완곡하고 공손한 말씨: 아무쪼록; 부디; 어서.,https://ja.dict.naver.com/#/entry/jako/0f4340dcf0b9440d854acaed7eb02f84
N5,all,動物,どうぶつ,동물,https://ja.dict.naver.com/#/entry/jako/9fe69de57d8642e785fed0876055348f
N5,all,どうも,どうも,‘どうもすみません(=정말 미안합니다)’ ‘どうもありがとう(=참으로 고맙습니다)’ ‘どうも失礼しました(=매우 실례했습니다)’의 압축된 말씨: 정말; 참; 매우.,https://ja.dict.naver.com/#/entry/jako/1481cee383844c80bf507077bdce45a1
N5,all,何処·何所,どこ,어디; 어느 곳.,https://ja.dict.naver.com/#/entry/jako/9c1319a0ba874c2eb4a1e7be26eacf36
N5,all,何方,どちら,어느 쪽; 어느 방향.,https://ja.dict.naver.com/#/entry/jako/87b0c5e400c24c13b9b20bd8e5799267
N5,all,何方,どなた,어느 분; 누구((‘誰'의 공손한 말씨)).,https://ja.dict.naver.com/#/entry/jako/833e704d1103495fb994be521f5cdabd
N5,all,何の,どの,불명한 것을 가리키는 말: 어느; 어떤; 무슨.,https://ja.dict.naver.com/#/entry/jako/b815d165931847c19bbd225e7d5d31bd
N5,all,土曜日,どようび,토요일.,https://ja.dict.naver.com/#/entry/jako/9e223d38c7f54de2a3cb8dbe2f3d77f2
N5,all,何れ,どれ,어느 것[쪽]; 어떤 것[쪽]; 무엇.,https://ja.dict.naver.com/#/entry/jako/c1024642afeb410a9809520de051628f
N5,all,どんな,どんな,어떠한; 어떤.,https://ja.dict.naver.com/#/entry/jako/bc33de2df36b49a2bb30cbb5487f0e29
N5,all,無い,ない,없다.,https://ja.dict.naver.com/#/entry/jako/a8fe7a2d6d73445396b4079a8df6416b
N5,all,中,なか,(공간·조직 등의) 내부; 속; 안.,https://ja.dict.naver.com/#/entry/jako/e558151696184572b19d60a719dea2e9
N5,all,,,,https://ja.dict.naver.com/#/entry/jako/6ce2b441ca0a4a1abb202217beb6c73e
N5,all,何故,なぜ,왜; 어째서.,https://ja.dict.naver.com/#/entry/jako/c6003bbd537e4264b7bd6f4fc67b0ac8
N5,all,夏,なつ,여름; 하절(夏節).,https://ja.dict.naver.com/#/entry/jako/57fefa6508be483a8922b68ad8cca576
N5,all,夏休み,なつやすみ,여름 방학; 여름휴가.,https://ja.dict.naver.com/#/entry/jako/b936e44e84734b869c5785e6062081bb
N5,all,七,なな,일곱.,https://ja.dict.naver.com/#/entry/jako/fe38c13d044d4b1d935c2f6667082e0f
N5,all,七円,ななえん,7엔,https://ja.dict.naver.com/#/entry/jako/4795016af6784270b726370d94c86de1
N5,all,七階,ななかい,7층,https://ja.dict.naver.com/#/entry/jako/8dcd4d761d764e859250c2eb7d790e0f
N5,all,七回,ななかい,7회,https://ja.dict.naver.com/#/entry/jako/e7010c6b29ab431e87ae30e91742523c
N5,all,七個,ななこ,7개,https://ja.dict.naver.com/#/entry/jako/d5c1c17482164a40a4fd0e891ee142db
N5,all,七人,ななにん,7명,https://ja.dict.naver.com/#/entry/jako/7fc3fbec9e0740ef99ee7380fcedfbaa
N5,all,七年,ななねん,7년,https://ja.dict.naver.com/#/entry/jako/c902b803ad18440fbe102d5b8474bf0e
N5,all,七杯,ななはい,일곱 잔,https://ja.dict.naver.com/#/entry/jako/e86569ef7c1f4a28957cf33e183d6580
N5,all,七倍,ななばい,7배,https://ja.dict.naver.com/#/entry/jako/9244337921b043b7b0f8fa5020d55041
N5,all,七番,ななばん,7번,https://ja.dict.naver.com/#/entry/jako/be50983439dd43518c3b0f0a669d8ffb
N5,all,七匹,ななひき,7마리,https://ja.dict.naver.com/#/entry/jako/d74315d4939746cf95a4ab424647c8da
N5,all,七分,ななふん,7분,https://ja.dict.naver.com/#/entry/jako/33e287468b994820ae5a5f0fa2713031
N5,all,七本,ななほん,7자루,https://ja.dict.naver.com/#/entry/jako/90b03e4daa6b40a3ba18cfe4b36bf0d6
N5,all,七枚,ななまい,7장,https://ja.dict.naver.com/#/entry/jako/c05f34fffac946cc83986262454ed2e7
N5,all,何,なに,일정하지 않은 것을 가리키는 대명사: 무엇.,https://ja.dict.naver.com/#/entry/jako/7ad702ff99b642759b0dff99ed72721a
N5,all,七日,なのか,초이렛날.,https://ja.dict.naver.com/#/entry/jako/1601e7fc02f8433a809b07b50a09faf1
N5,all,,,,https://ja.dict.naver.com/#/entry/jako/4047f950ee8a4d4db7cf10fd0c6ace60
N5,all,習う,ならう,배우다.,https://ja.dict.naver.com/#/entry/jako/b9df6a4431e347eaa7d25ed79dcaf89b
N5,all,何回,なんかい,몇 회; 몇 번; 여러 번.,https://ja.dict.naver.com/#/entry/jako/aec666ed23444534b8b96680d2bcd52e
N5,all,何階,なんがい,몇 층(なんかい로도 읽음),https://ja.dict.naver.com/#/entry/jako/738ad333c6934e9897fc6d7aad496749
N5,all,何月,なんがつ,몇 월,https://ja.dict.naver.com/#/entry/jako/a00ca3ff5a164417bb622750cde004f8
N5,all,何個,なんこ,몇 개.,https://ja.dict.naver.com/#/entry/jako/0d61f8d4bfba45b9bd53166b32dd89e2
N5,all,何時,なんじ,하시; 몇 시(시간을 묻는 말).,https://ja.dict.naver.com/#/entry/jako/8c759f48094d4cabbca5f182ee441a44
N5,all,何日,なんにち,며칠; 며칟날.,https://ja.dict.naver.com/#/entry/jako/39bcb1ca4c3146d5a66ee64492742edb
N5,all,何人,なんにん,몇 사람.,https://ja.dict.naver.com/#/entry/jako/40862b90ea0d4576b43dbd8b38671006
N5,all,何年,なんねん,몇 년; 몇 해; 몇 살.,https://ja.dict.naver.com/#/entry/jako/8cab910f14a24793bf26059e4992f3d2
N5,all,何杯,なんばい,몇 잔,https://ja.dict.naver.com/#/entry/jako/ddad968ba88146e296cd9db2669bd135
N5,all,何倍,なんばい,몇 배,https://ja.dict.naver.com/#/entry/jako/bb44d6bfa9aa49d0a63ab55d64e14386
N5,all,何番,なんばん,몇 번; 몇 째.,https://ja.dict.naver.com/#/entry/jako/4009ceb5cf9149b6b7cc9d3007f0109a
N5,all,何匹,なんびき,몇 마리,https://ja.dict.naver.com/#/entry/jako/4e2f526d737a4624bb41258f0693a288
N5,all,何分,なんぷん,몇 분,https://ja.dict.naver.com/#/entry/jako/b022f2277e5e41efa5810a5d2204d32c
N5,all,何本,なんぼん,몇 자루,https://ja.dict.naver.com/#/entry/jako/98ee5b0077d9402f8ac8670c47bce9aa
N5,all,何枚,なんまい,몇 장,https://ja.dict.naver.com/#/entry/jako/0cf291d6d2a04a15b14e7df80ae2635d
N5,all,何曜日,なんようび,무슨 요일,https://ja.dict.naver.com/#/entry/jako/6a3d805419b14be1968b267c9aedecd3
N5,all,二,に,둘.,https://ja.dict.naver.com/#/entry/jako/72901fa8f2534dcc90b208233bdd3558
N5,all,二円,にえん,2엔,https://ja.dict.naver.com/#/entry/jako/a2b85ec7d778418cb4099f0ca7a6db15
N5,all,二回,にかい,2회,https://ja.dict.naver.com/#/entry/jako/f9b5dfe71cb2454fa4b4e217db7a47f9
N5,all,二階,にかい,‘二階建て’의 준말.,https://ja.dict.naver.com/#/entry/jako/7b52891133854133bba10ea9f0b5f0b9
N5,all,二月,にがつ,2월.,https://ja.dict.naver.com/#/entry/jako/0a41934d7627465aa900d584168043ee
N5,all,賑やか,にぎやか,활기참.,https://ja.dict.naver.com/#/entry/jako/e81a89b2989242b8ab7b9c3b89d63657
N5,all,肉,にく,육; 살; (동물의) 근육.,https://ja.dict.naver.com/#/entry/jako/afa9c021d4364742ba71880e4fbc297c
N5,all,二個,にこ,2개,https://ja.dict.naver.com/#/entry/jako/e2be5cf0a6624ca7ab82b7888915db1b
N5,all,西,にし,서쪽.,https://ja.dict.naver.com/#/entry/jako/251cf829919e43359eb76b8b243fcc3c
N5,all,二時,にじ,2시,https://ja.dict.naver.com/#/entry/jako/95f5754777274445b5ac465c2b345807
N5,all,21日,にじゅういちにち,21일,https://ja.dict.naver.com/#/entry/jako/8607fb1849604b2284df8b7f5927e9b3
N5,all,29日,にじゅうくにち,29일,https://ja.dict.naver.com/#/entry/jako/c976bd35b53d489ab997f832ad488aef
N5,all,25日,にじゅうごにち,25일,https://ja.dict.naver.com/#/entry/jako/791c1be1f8b847858fc4b9f4f1ad3efb
N5,all,23日,にじゅうさんにち,23일,https://ja.dict.naver.com/#/entry/jako/079dd287af324174a4ddcebc2b8145da
N5,all,27日,にじゅうしちにち,27일,https://ja.dict.naver.com/#/entry/jako/14ffaf80d4d84d7cb6f643ff0c66c2cb
N5,all,22日,にじゅうににち,22일,https://ja.dict.naver.com/#/entry/jako/d89c7d4ecb064feebdad17af1ec83f1e
N5,all,28日,にじゅうはちにち,28일,https://ja.dict.naver.com/#/entry/jako/b11fdcb9620f44e8b7cd72010261317d
N5,all,24日,にじゅうよっか,24일,https://ja.dict.naver.com/#/entry/jako/8de77f77f5b7468fa223dfd3016e6fa4
N5,all,,,,https://ja.dict.naver.com/#/entry/jako/6462ede351ac4dbfae86b7d4a52938ab
N5,all,日曜日,にちようび,일요일.,https://ja.dict.naver.com/#/entry/jako/360310fef8014706a2b50dc61e06feff
N5,all,二年,にねん,이년.,https://ja.dict.naver.com/#/entry/jako/7040efad6e4442b4b32d6b5241a694a2
N5,all,二杯,にはい,두 잔,https://ja.dict.naver.com/#/entry/jako/c0e824f3a5924d069505a4e151235410
N5,all,二倍,にばい,2배,https://ja.dict.naver.com/#/entry/jako/7b5e4a5e92a34263a4dd0ef51b361d48
N5,all,二番,にばん,이번.,https://ja.dict.naver.com/#/entry/jako/1e15719680f54fd38f8040ee57e94955
N5,all,二匹,にひき,2마리,https://ja.dict.naver.com/#/entry/jako/b7da86431ed54ccfbb5265a6ff5b0324
N5,all,二分,にふん,2분,https://ja.dict.naver.com/#/entry/jako/87f9a21f248445c190b49c89c0b0d614
N5,all,二本,にほん,2자루,https://ja.dict.naver.com/#/entry/jako/ef67b96596074e34b60980987f34bfbf
N5,all,日本人,にほんじん,일본인; 일본 사람.,https://ja.dict.naver.com/#/entry/jako/33f7bc98354d47859cf9a1e398fa67fb
N5,all,二枚,にまい,두 장.,https://ja.dict.naver.com/#/entry/jako/f591fd04b8444fad894618d6547f552d
N5,all,庭,にわ,정원; 뜰; 마당.,https://ja.dict.naver.com/#/entry/jako/8499e039ac904e3588b0fe060f9e5cda
N5,all,猫,ねこ,고양이.,https://ja.dict.naver.com/#/entry/jako/57bc49b553254fe3b7915ad28fe8adbd
N5,all,寝る,ねる,자다.,https://ja.dict.naver.com/#/entry/jako/8aac3976f6f24315858c12916c2b467d
N5,all,登る,のぼる,오르다; (높은 곳으로) 올라가다.,https://ja.dict.naver.com/#/entry/jako/01f72cc5000e4bee956171a4f55d974a
N5,all,飲(み)物,のみもの,마실 것; 음료.,https://ja.dict.naver.com/#/entry/jako/8e403af3b98e4c2aafa55f5971ddd59c
N5,all,飲む·呑む,のむ,마시다.,https://ja.dict.naver.com/#/entry/jako/77322ead8ec64305a53be8bf97d6a740
N5,all,乗る,のる,타다.,https://ja.dict.naver.com/#/entry/jako/6f4f88ec311946438636aa7591ab2f7c
N5,all,はい,はい,네; 예.,https://ja.dict.naver.com/#/entry/jako/455a560b39c84b6d8222fdbece998bea
N5,all,灰皿,はいざら,재떨이.,https://ja.dict.naver.com/#/entry/jako/acc39abdeecb498cbc0a78886a722815
N5,all,入る·這入る,はいる,들다.,https://ja.dict.naver.com/#/entry/jako/94756ea597f64b189dac1d4d4041f9b3
N5,all,葉書·端書,はがき,엽서.,https://ja.dict.naver.com/#/entry/jako/b4adb43ed9ed4f3fa40846af20912c41
N5,all,始まる,はじまる,시작되다.,https://ja.dict.naver.com/#/entry/jako/d7f513c6c7a1493bbb7a3a50098f02bc
N5,all,初めまして·始めまして,はじめまして,처음 뵙겠습니다((초대면의 인사말)).,https://ja.dict.naver.com/#/entry/jako/581a0feff67848d695ec3a2be6167c8d
N5,all,二十·二十歳,はたち,20세; 스무 살.,https://ja.dict.naver.com/#/entry/jako/fffcc560c0ca464dbfbd411aab1055b5
N5,all,八,はち,팔; 여덟.,https://ja.dict.naver.com/#/entry/jako/72fad065a40640ed91ce0d76d9915551
N5,all,八円,はちえん,8엔,https://ja.dict.naver.com/#/entry/jako/78d76558a5954d35bea43f1992dc8eaa
N5,all,八階,はちかい,8층,https://ja.dict.naver.com/#/entry/jako/79f7928fd805418db73c73c4e5f0a2a1
N5,all,八月,はちがつ,8월.,https://ja.dict.naver.com/#/entry/jako/4a74bdbcf1054100bb832faa3fb99fe3
N5,all,八時,はちじ,8시,https://ja.dict.naver.com/#/entry/jako/5dff17b95c6c49c08ca5d1891ec4f4fb
N5,all,八人,はちにん,8명,https://ja.dict.naver.com/#/entry/jako/f12f9b331c3f4c8dad27e93c3f356e3a
N5,all,八年,はちねん,8년,https://ja.dict.naver.com/#/entry/jako/0e5fd34b88e7455191773922f4c8b8f5
N5,all,八倍,はちばい,8배,https://ja.dict.naver.com/#/entry/jako/eb1e6023b3254c2f8d7145224867a7bb
N5,all,八番,はちばん,8번,https://ja.dict.naver.com/#/entry/jako/c281911e21424126841c121ee6b7245e
N5,all,八分,はちふん,8분,https://ja.dict.naver.com/#/entry/jako/1c0c0beb1a794ac1850103c553044c67
N5,all,八枚,はちまい,8장,https://ja.dict.naver.com/#/entry/jako/f0d73c8a15fa4d89a78f1e7acfc74192
N5,all,八階,はっかい,8층,https://ja.dict.naver.com/#/entry/jako/e83ee0f7ac63425e9cae20fe1c75ace3
N5,all,八回,はっかい,8회,https://ja.dict.naver.com/#/entry/jako/3f50fe478b534141b3067292850bf8b3
N5,all,八個,はっこ,8개,https://ja.dict.naver.com/#/entry/jako/dacff7f38ec44148af73f680979a9a3f
N5,all,八杯,はっぱい,여덟 잔,https://ja.dict.naver.com/#/entry/jako/eff796afd77446c18291caddc399814d
N5,all,八匹,はっぴき,8마리,https://ja.dict.naver.com/#/entry/jako/c6acc92a708f4c04a9579bd4b23f9d7c
N5,all,八分,はっぷん,8분,https://ja.dict.naver.com/#/entry/jako/1511855bb9624d49843ae12f1b462bf9
N5,all,,,,https://ja.dict.naver.com/#/entry/jako/66b583f426094d6e93bf59a1c1d510ed
N5,all,二十日,はつか,20일;  스무날.,https://ja.dict.naver.com/#/entry/jako/5927f087079d41fd861e23d96aa77562
N5,all,花·華,はな,꽃.,https://ja.dict.naver.com/#/entry/jako/e7dc866d97254e8cb00a0d1925631bb9
N5,all,鼻,はな,코.,https://ja.dict.naver.com/#/entry/jako/73d958c1beef4ae9896f65511e7944f7
N5,all,話,はなし,이야기; 말.,https://ja.dict.naver.com/#/entry/jako/36e6eed82d014cb79f3a5244e1b87b99
N5,all,話す·咄す,はなす,말하다; 이야기하다.,https://ja.dict.naver.com/#/entry/jako/34575492d1244e429e75cae0e6dc2994
N5,all,母,はは,모친; 어머니.,https://ja.dict.naver.com/#/entry/jako/5cc46152b9d84a08ab24aa7f14012663
N5,all,早い,はやい,(시간적으로) 이르다.,https://ja.dict.naver.com/#/entry/jako/1fed9d6072014cb08b39bbd35c093496
N5,all,速い·疾い,はやい,(동작·속도가) 빠르다.,https://ja.dict.naver.com/#/entry/jako/963598ac1ef64556b9764e91ab70e345
N5,all,春,はる,봄.,https://ja.dict.naver.com/#/entry/jako/7f8676d4c52d484d9a74442d305be658
N5,all,番号,ばんごう,번호.,https://ja.dict.naver.com/#/entry/jako/ed147a9d933248c4a39ca62e08b79aa7
N5,all,晩御飯,ばんごはん,저녁 식사; 저녁밥((‘夕食'의 다소 공손한 표현)).,https://ja.dict.naver.com/#/entry/jako/adbbcd7c61404f6e9a27502d14d3e11b
N5,all,東,ひがし,동쪽.,https://ja.dict.naver.com/#/entry/jako/135c028fb14b429db6409c902d0d8243
N5,all,低い,ひくい,낮다.,https://ja.dict.naver.com/#/entry/jako/4616d8b94e7943c594acb1e0f3a66a82
N5,all,飛行機,ひこうき,비행기; 동력으로 프로펠러를 돌리거나 연소 가스에 의한 양력(揚力)을 이용한 항공기.,https://ja.dict.naver.com/#/entry/jako/a138237e8029408db69426e52d04a7d2
N5,all,人,ひと,사람.,https://ja.dict.naver.com/#/entry/jako/c689176f5d2f49db98ae078f963d802f
N5,all,一つ,ひとつ,하나.,https://ja.dict.naver.com/#/entry/jako/696c92c5c20e4fe4a6cac21168a91e57
N5,all,一人·独り,ひとり,한 사람; 한 명.,https://ja.dict.naver.com/#/entry/jako/d713b18777794e0bb3db3b766e24e564
N5,all,暇·閑,ひま,손이 비어 있는 시간·상태.,https://ja.dict.naver.com/#/entry/jako/c87ca858ba5b426ea4ab06ffb9377b95
N5,all,百,ひゃく,백; 100.,https://ja.dict.naver.com/#/entry/jako/0ab313b010184689a1d66fc680b82bbb
N5,all,百点,ひゃくてん,100점,https://ja.dict.naver.com/#/entry/jako/44c1679e0b3546bcb610d28767d9303f
N5,all,昼,ひる,낮.,https://ja.dict.naver.com/#/entry/jako/99f7edc6c31a41b3bffd2ff481886c0a
N5,all,昼ご飯·昼御飯,ひるごはん,점심.,https://ja.dict.naver.com/#/entry/jako/67ab7940d9744609b9136c1d53a7d436
N5,all,広い,ひろい,넓다.,https://ja.dict.naver.com/#/entry/jako/5c59927df2df42d4b378e819e4d5d6a4
N5,all,病院,びょういん,병원.,https://ja.dict.naver.com/#/entry/jako/4994545368b64675b38ca9dca8a14f6c
N5,all,病気,びょうき,병.,https://ja.dict.naver.com/#/entry/jako/a29d65594008476cb57282b8690cf4c6
N5,all,服,ふく,옷; (특히) 양복.,https://ja.dict.naver.com/#/entry/jako/1382f34992884c50b63d0e08ede711a3
N5,all,,,,https://ja.dict.naver.com/#/entry/jako/6280e660110a4cc5a78c285936894159
N5,all,ふたり,ふたり,두 사람.,https://ja.dict.naver.com/#/entry/jako/35f4669bdbab4038908defadd5b0d9fd
N5,all,,,,https://ja.dict.naver.com/#/entry/jako/4ccc7b26499945c5875617466a8c1567
N5,all,冬,ふゆ,겨울.,https://ja.dict.naver.com/#/entry/jako/d468e1d38fa34e6199fc1ee3cac41d9e
N5,all,,,,https://ja.dict.naver.com/#/entry/jako/cb82b6a9fb714b0c84a5ce1fcff15ee5
N5,all,古い·故い·旧い,ふるい,오래되다; 오래다.,https://ja.dict.naver.com/#/entry/jako/e55308cbb37e49139e4f1090b89aabac
N5,all,部屋,へや,방.,https://ja.dict.naver.com/#/entry/jako/bc65e52e5c1140ed87f6b804d83a95e6
N5,all,勉強,べんきょう,(학업·일 따위에) 열심히 힘을 기울임; 공부.,https://ja.dict.naver.com/#/entry/jako/03cc2db50fc444099b811de658c1da80
N5,all,便利,べんり,편리(함).,https://ja.dict.naver.com/#/entry/jako/2e1a7e45e2774407b7a240bb3aa937dc
N5,all,方,ほう,방면.,https://ja.dict.naver.com/#/entry/jako/de022d539144442ab1bea1cadf151cc8
N5,all,外·他,ほか,다른 것; 딴 것[곳].,https://ja.dict.naver.com/#/entry/jako/9c05e8c139ba410a9095af35b36592d2
N5,all,本,ほん,책; 서적.,https://ja.dict.naver.com/#/entry/jako/8f54c4d9c6f0405f99005b869359096a
N5,all,毎朝,まいあさ,매일 아침; 아침마다.,https://ja.dict.naver.com/#/entry/jako/85908d41ecba49b28cf24728de716828
N5,all,毎月,まいげつ,매월; 달마다.,https://ja.dict.naver.com/#/entry/jako/97bd248d1d7a4ffd977c75cbe2327ecc
N5,all,毎週,まいしゅう,매주; 일주일마다.,https://ja.dict.naver.com/#/entry/jako/1d0c7004940b47b480a25eee996a252b
N5,all,毎日,まいにち,매일; 날마다.,https://ja.dict.naver.com/#/entry/jako/20b4cfbce5514f30865f0a404f062d10
N5,all,毎年,まいねん,매년; 해마다.,https://ja.dict.naver.com/#/entry/jako/bb5e99f1d1ce4847ad4c08c7fe18e936
N5,all,まいばん,まいばん,매일 밤; 밤마다.,https://ja.dict.naver.com/#/entry/jako/4a6ee104c9c4444aa71cb93db516f151
N5,all,前,まえ,(공간적인) 앞.,https://ja.dict.naver.com/#/entry/jako/184809e72be945b498c93e03d834eaab
N5,all,曲(が)る,まがる,구부러지다; 굽다.,https://ja.dict.naver.com/#/entry/jako/7b83f56608ab49cca42c63bf8595e04f
N5,all,不味い,まずい,맛이 없다.,https://ja.dict.naver.com/#/entry/jako/2fbf2b3cabd5417b84f57bb3c24bf6af
N5,all,,,,https://ja.dict.naver.com/#/entry/jako/a7d5552f485749f5848fa8a3ebd6fc9f
N5,all,未だ,まだ,아직; 아직도.,https://ja.dict.naver.com/#/entry/jako/2762444f3d6f4c1485f1d9780bc49b69
N5,all,町,まち,집이 많이 모여 있는 구역; 도회; 읍내.,https://ja.dict.naver.com/#/entry/jako/72f6fb3d39324f57be1dc4cff93de065
N5,all,真っ直ぐ,まっすぐ,쪽 곧음; 똑바로; 곧장.,https://ja.dict.naver.com/#/entry/jako/f4713b53ce7a46db91f9b438e560499b
N5,all,待つ,まつ,기다리다.,https://ja.dict.naver.com/#/entry/jako/011febf5aeb3454d9f66aae29dd7163f
N5,all,窓·窗·牖,まど,창; 창문.,https://ja.dict.naver.com/#/entry/jako/78bb57e88e5b4995a09f69161f5f906f
N5,all,丸い,まるい,(円い로도) 둥글다; 둥근 모양이다.,https://ja.dict.naver.com/#/entry/jako/8b1f1214d7dc41cb9a0fea0e1d802670
N5,all,磨く·研く,みがく,(문질러) 닦다; 윤내다; 광내다.,https://ja.dict.naver.com/#/entry/jako/a962584d36944422b64df1d257e43b6a
N5,all,右,みぎ,우.,https://ja.dict.naver.com/#/entry/jako/56d4dc319255460386c6425bf726b13b
N5,all,短い,みじかい,짧다.,https://ja.dict.naver.com/#/entry/jako/79512f0468cd498782d1dc4bd92d51ad
N5,all,水,みず,물; 음용수.,https://ja.dict.naver.com/#/entry/jako/4454cb53b79645a0812292f3a67f7945
N5,all,店∙見世,みせ,가게; 상점; 점포; (전하여) 장사.,https://ja.dict.naver.com/#/entry/jako/7e71ce8aada743ea83b0b88457063152
N5,all,見せる,みせる,보이다; 나타내다.,https://ja.dict.naver.com/#/entry/jako/6c14dc1a4c7e443e80a2c1adbebf3470
N5,all,道·路·途·径,みち,길.,https://ja.dict.naver.com/#/entry/jako/8e726abc7c4844b0b1267df81873fdfd
N5,all,三日,みっか,초사흘.,https://ja.dict.naver.com/#/entry/jako/f2c9452f63f841ec8122bf8948cc418c
N5,all,三つ,みっつ,셋.,https://ja.dict.naver.com/#/entry/jako/4f49118050ac44cdbf852da31ea3f3c8
N5,all,緑·翠,みどり,녹색; 초록(빛).,https://ja.dict.naver.com/#/entry/jako/a83b1325fcc14ae086eed6e0e58d8cb9
N5,all,皆さん,みなさん,‘皆様’의 스스럼없는 말씨: 여러분.,https://ja.dict.naver.com/#/entry/jako/89d78a56ab8849599e56e60a83ae2b6d
N5,all,南,みなみ,남; 남쪽; 남부.,https://ja.dict.naver.com/#/entry/jako/04f266d588e0483598d6921b6df61b63
N5,all,耳,みみ,귀.,https://ja.dict.naver.com/#/entry/jako/25941c3a944f4266a73a59ddeb102831
N5,all,見る,みる,보다.,https://ja.dict.naver.com/#/entry/jako/bbc2849abfe84380934a4ce47a6cc72c
N5,all,皆,みんな,모두; 전부.,https://ja.dict.naver.com/#/entry/jako/11e472c9f8b741ba8fb39b67147012c1
N5,all,六日,むいか,6일.,https://ja.dict.naver.com/#/entry/jako/fff6e1c4fb1144efa0e62bc6481fa00f
N5,all,難しい,むずかしい,어렵다.,https://ja.dict.naver.com/#/entry/jako/d0600112df3547f0832655e6750f0c5e
N5,all,目·眼,め,눈.,https://ja.dict.naver.com/#/entry/jako/b0f6076f9e89421e8dd6b63625f4780c
N5,all,眼鏡,めがね,안경.,https://ja.dict.naver.com/#/entry/jako/85ee166a9ca94e868da42f54c7909eb6
N5,all,もう一度,もういちど,한번 더,https://ja.dict.naver.com/#/entry/jako/62e3936f40fb49c893fc7d179c55e32b
N5,all,木曜日,もくようび,목요일,https://ja.dict.naver.com/#/entry/jako/7c3743cbebb24653abb665c4908a1870
N5,all,もしもし,もしもし,여보세요; 저기요.,https://ja.dict.naver.com/#/entry/jako/1f87640f193e415f83709b10f1231ca1
N5,all,もっと,もっと,더; 더욱; 좀 더; 한층.,https://ja.dict.naver.com/#/entry/jako/e44665eafaa6458589585f25631791d0
N5,all,持つ,もつ,쥐다; 들다.,https://ja.dict.naver.com/#/entry/jako/62826f38fd1c42758e30e9e779c8303a
N5,all,物,もの,것; 물건; 물체; 물질(구체적이며 감각적으로 포착되는 대상).,https://ja.dict.naver.com/#/entry/jako/efd79d3ead8e404e951b834d111008a7
N5,all,門,もん,문.,https://ja.dict.naver.com/#/entry/jako/1d9d0ecb7de847308f967cf66626ebe9
N5,all,問題,もんだい,문제.,https://ja.dict.naver.com/#/entry/jako/efd408f320f04f50bd5d54b563ddcfea
N5,all,八百屋,やおや,채소 가게; 채소 장수.,https://ja.dict.naver.com/#/entry/jako/a764c0e9904145f78a9a094fc65e0f7e
N5,all,野菜,やさい,야채; 채소; 푸성귀.,https://ja.dict.naver.com/#/entry/jako/72c72bc3d18d48299130a977264c3dfa
N5,all,安い,やすい,(본디 廉い로도) (값이) 싸다.,https://ja.dict.naver.com/#/entry/jako/d13a99b620444f7a8a9cbef219a9182f
N5,all,休み,やすみ,쉼; 휴식.,https://ja.dict.naver.com/#/entry/jako/b5a8f91be24c4af1808c895a79441389
N5,all,休む,やすむ,쉬다.,https://ja.dict.naver.com/#/entry/jako/00680c924ccb4bb88986fe9c6f1cb8da
N5,all,山,やま,산.,https://ja.dict.naver.com/#/entry/jako/21ec0b1c12f84ed29afd95aba5a31ad2
N5,all,夕方,ゆうがた,저녁때; 해 질 녘.,https://ja.dict.naver.com/#/entry/jako/9e985bc23b70411f9f2b64aef59d1278
N5,all,夕飯,ゆうはん,석반; 저녁밥; 저녁 식사.,https://ja.dict.naver.com/#/entry/jako/380165a2ec8740178332c2758fce5d40
N5,all,雪,ゆき,눈.,https://ja.dict.naver.com/#/entry/jako/aa2a0013b7d047a7947f747b242b3a84
N5,all,ゆっくり,ゆっくり,동작∙태도가 급하지 않고 느린 모양: 천천히; 서서히.,https://ja.dict.naver.com/#/entry/jako/8b3c5d1cc12143769f1287f3ab89772e
N5,all,良い·善い·好い,よい,좋다.,https://ja.dict.naver.com/#/entry/jako/ff386425afee4299a59c9373b58b3e6e
N5,all,八日,ようか,초여드렛날.,https://ja.dict.naver.com/#/entry/jako/c9ce857bac1f45ee9f04e351d5188556
N5,all,洋服,ようふく,양복.,https://ja.dict.naver.com/#/entry/jako/4b2b46e5d3e5497ea024784c56852b16
N5,all,四円,よえん,4엔,https://ja.dict.naver.com/#/entry/jako/75e1d07954264969a67d720ef396a237
N5,all,横,よこ,옆.,https://ja.dict.naver.com/#/entry/jako/0ef0ba962c3e4a5b89e2bc9a50c89578
N5,all,四時,よじ,4시,https://ja.dict.naver.com/#/entry/jako/323da49dc9ba4fe8aad2c5628c4ffccb
N5,all,四日,よっか,나흘.,https://ja.dict.naver.com/#/entry/jako/dd0c96e278e44866af0dc5704142ee44
N5,all,,,,https://ja.dict.naver.com/#/entry/jako/b0ed434f651e433ba3a13aa0bfe4124b
N5,all,四人,よにん,4명,https://ja.dict.naver.com/#/entry/jako/390d014cb33f4544903ba38f679a4902
N5,all,四年,よねん,4년,https://ja.dict.naver.com/#/entry/jako/dc52b543fe7746f3a56ee6a55a6c9ab6
N5,all,呼ぶ,よぶ,부르다.,https://ja.dict.naver.com/#/entry/jako/788d1ab13658480f8aa495f7184580bb
N5,all,読む,よむ,읽다.,https://ja.dict.naver.com/#/entry/jako/9603502b8ce14c199e9b2835e5d1a03b
N5,all,夜,よる,밤; 야간.,https://ja.dict.naver.com/#/entry/jako/d6efa31a64304faabbae631b9273e10d
N5,all,弱い,よわい,약하다.,https://ja.dict.naver.com/#/entry/jako/a85ddf01a8d04dfc8ba348e66541a5ae
N5,all,四回,よんかい,4회,https://ja.dict.naver.com/#/entry/jako/2f9081c6dd3a4398a7c7f6c4e7377dd2
N5,all,四階,よんかい,4층,https://ja.dict.naver.com/#/entry/jako/a909af2410794aed8e22087ac52ff967
N5,all,四個,よんこ,4개,https://ja.dict.naver.com/#/entry/jako/d3d024168ac2430b8cd45c8a0a255e57
N5,all,四杯,よんはい,네 잔;넉 잔,https://ja.dict.naver.com/#/entry/jako/51dd248ab0614f8aa4340479ef3ce177
N5,all,四倍,よんばい,4배,https://ja.dict.naver.com/#/entry/jako/f07e9f47b2264bd99ad7d239d85cb651
N5,all,四番,よんばん,4번,https://ja.dict.naver.com/#/entry/jako/1cee66469ba24640ad7c242eece46e70
N5,all,四匹,よんひき,4마리,https://ja.dict.naver.com/#/entry/jako/803ef29af1ed4d2fa100627a75765c68
N5,all,四分,よんぷん,4분,https://ja.dict.naver.com/#/entry/jako/cda528270cf04454baa1a9758e2ac575
N5,all,四本,よんほん,4자루,https://ja.dict.naver.com/#/entry/jako/7f437641d29c495ca5b12a44db1668e8
N5,all,四枚,よんまい,4장,https://ja.dict.naver.com/#/entry/jako/f250883e9761402ea6aed6d5957af634
N5,all,来月,らいげつ,내월; 내달; 다음 달.,https://ja.dict.naver.com/#/entry/jako/5f921ff22ac24aa2a52fae9bbe0cd6fc
N5,all,来週,らいしゅう,내주; (이 주의 바로) 다음 주. 차주.,https://ja.dict.naver.com/#/entry/jako/78481a64cf004451a432a619209bd23f
N5,all,来年,らいねん,내년; 명년.,https://ja.dict.naver.com/#/entry/jako/d5d84a5308d047dbb7871c96abfcd8f2
N5,all,留学生,りゅうがくせい,유학생.,https://ja.dict.naver.com/#/entry/jako/5a223c76ece9409c827c71eca9ad95c4
N5,all,料理,りょうり,요리.,https://ja.dict.naver.com/#/entry/jako/ae79790f0e5145fea61de1bffa99931b
N5,all,,,,https://ja.dict.naver.com/#/entry/jako/8b2c2c32632b489a9b3e79ac304f7b62
N5,all,六円,ろくえん,6엔,https://ja.dict.naver.com/#/entry/jako/e78fd5c53fe142e1a4626139618e9a0f
N5,all,六月,ろくがつ,6월.,https://ja.dict.naver.com/#/entry/jako/b35749dba37a49218f38537caf3af7da
N5,all,六時,ろくじ,여섯 시.,https://ja.dict.naver.com/#/entry/jako/89058e4b98a3402587a6497d909cc570
N5,all,六人,ろくにん,6명,https://ja.dict.naver.com/#/entry/jako/953f0599cc3a41b3948364c19b345c30
N5,all,,,,https://ja.dict.naver.com/#/entry/jako/eb246e2fb7ea4e0d83fa4a5f5195d791
N5,all,,,,https://ja.dict.naver.com/#/entry/jako/a405d3be74684996b378e9e7405be6d2
N5,all,,,,https://ja.dict.naver.com/#/entry/jako/d6d4ecd5d1f449c491de044c5a949a38
N5,all,,,,https://ja.dict.naver.com/#/entry/jako/c3214098e1b841b8a52ae39e8d33b873
N5,all,六回,ろっかい,6회,https://ja.dict.naver.com/#/entry/jako/7fea2c5bb2694513b046170d1351f31a
N5,all,六階,ろっかい,6층,https://ja.dict.naver.com/#/entry/jako/950b2cb8e02b45f8aae0156c5628d514
N5,all,六個,ろっこ,6개,https://ja.dict.naver.com/#/entry/jako/519d08fb4e464f0494c84027d6aa9c60
N5,all,六杯,ろっぱい,여섯 잔,https://ja.dict.naver.com/#/entry/jako/72ee32536b254c1b8c09c782fc6c8393
N5,all,六匹,ろっぴき,6마리,https://ja.dict.naver.com/#/entry/jako/0a3b4690d6174b11bf58db0290f7c571
N5,all,六分,ろっぷん,6분,https://ja.dict.naver.com/#/entry/jako/9b7f92a2dd1540e584baf13ead9f53e3
N5,all,六本,ろっぽん,6자루,https://ja.dict.naver.com/#/entry/jako/a2f23c4d5cab444b8f78272b592f5e7d
N5,all,分(か)る∙判る∙解る,わかる,알다.,https://ja.dict.naver.com/#/entry/jako/4cdbeaafddef42d4a31f0153ee67679d
N5,all,私,わたし,나; 저.,https://ja.dict.naver.com/#/entry/jako/25e00dc61cd94b52a12c44dc254555a6
N5,all,,,,https://ja.dict.naver.com/#/entry/jako/aa11c5acf93e464e98b2d33137782560
N5,all,アパート,アパート,‘アパートメントハウス'의 준말; 아파트; 공동 주택.,https://ja.dict.naver.com/#/entry/jako/0ce0bece4dc64f6193dac9822f017611
N5,all,エレベーター,エレベーター,엘리베이터; 승강기.,https://ja.dict.naver.com/#/entry/jako/5cc207ed6f2349a88df5ddd7d453b19c
N5,all,カップ,カップ,컵.,https://ja.dict.naver.com/#/entry/jako/9d8491bb8a294776971c717a831de6b3
N5,all,カメラ,カメラ,카메라; 사진기.,https://ja.dict.naver.com/#/entry/jako/46125b7af3d1491f8ac7b5b5cc1e4d20
N5,all,カレンダー,カレンダー,캘린더; 달력; 행사 일람표.,https://ja.dict.naver.com/#/entry/jako/a4af4020594743f7a307047b7a40ad42
N5,all,ギター,ギター,기타.,https://ja.dict.naver.com/#/entry/jako/e6e815ec078f4770b7a74aafb6b7527a
N5,all,クラス,クラス,클래스.,https://ja.dict.naver.com/#/entry/jako/ce8ea8e962354754b303d628c1b3137d
N5,all,グラス,グラス,［glass］글라스; 유리컵; 양주 잔.,https://ja.dict.naver.com/#/entry/jako/eded71df53e349a5a0824427903b18fd
N5,all,コップ,コップ,컵.,https://ja.dict.naver.com/#/entry/jako/93dc8375cf1544b8a42aada95755c06e
N5,all,コピー,コピー,카피.,https://ja.dict.naver.com/#/entry/jako/d2b2bcef98e14610a91a21cb2d40f849
N5,all,コート,コート,코트.,https://ja.dict.naver.com/#/entry/jako/3ce9e7890c5c47e1812768dde2d08859
N5,all,コーヒー,コーヒー,커피.,https://ja.dict.naver.com/#/entry/jako/e3e391dc51594d5eb0096339c620db9c
N5,all,シャツ,シャツ,셔츠.,https://ja.dict.naver.com/#/entry/jako/b455b314d48c43c2a6dd4beb13e01e12
N5,all,シャワー,シャワー,샤워(로 목욕함); 샤워 장치.,https://ja.dict.naver.com/#/entry/jako/3afd5f36134c45069e2b79d2504dd578
N5,all,スカート,スカート,스커트.,https://ja.dict.naver.com/#/entry/jako/b24693e3b3e54a7f97a57b93bc8640cc
N5,all,ストーブ,ストーブ,스토브; 난로.,https://ja.dict.naver.com/#/entry/jako/ed74e335dba64b43b9ebefe492e66a7d
N5,all,スプーン,スプーン,스푼; 양식 숟가락.,https://ja.dict.naver.com/#/entry/jako/8f07b5af69a8419fae912dfd431e35da
N5,all,スポーツ,スポーツ,스포츠.,https://ja.dict.naver.com/#/entry/jako/b8052597d8544107b8d0808cef18b5ef
N5,all,ズボン,ズボン,즈봉; (양복)바지.,https://ja.dict.naver.com/#/entry/jako/33f364e274e04dd7b6896602e658309e
N5,all,セーター,セーター,스웨터; 털 재킷.,https://ja.dict.naver.com/#/entry/jako/36640cb6b4aa402da447a4b0370cb02d
N5,all,ゼロ,ゼロ,제로; 영(零).,https://ja.dict.naver.com/#/entry/jako/20241acb76c04e6d88df4828f4632bb3
N5,all,タクシー,タクシー,택시.,https://ja.dict.naver.com/#/entry/jako/6bab132be6474953bca1f15d1451cf7e
N5,all,タバコ,タバコ,담배.,https://ja.dict.naver.com/#/entry/jako/86a7e4c0be07416bad28eb76938bcaa2
N5,all,テスト,テスト,테스트; 검사; 시험.,https://ja.dict.naver.com/#/entry/jako/827a8894b6b64efca4b04d2006b2ce08
N5,all,テレビ,テレビ,‘テレビジョン(television)’의 준말; 텔레비전; 티브이(TV).,https://ja.dict.naver.com/#/entry/jako/7f97437bc5ee4abfa7301941f868e9b8
N5,all,テーブル,テーブル,테이블.,https://ja.dict.naver.com/#/entry/jako/4a9a65a469ea426fa08b617f559f35c6
N5,all,テープ,テープ,테이프.,https://ja.dict.naver.com/#/entry/jako/6670d3d3948e4712b4e4fbc37a3f52ee
N5,all,デパート,デパート,‘デパートメントストア(department store)’의 준말; 백화점.,https://ja.dict.naver.com/#/entry/jako/4c902e3169d74618970872a5b4082087
N5,all,トイレ,トイレ,‘トイレット·トイレットルーム’의 준말; 화장실.,https://ja.dict.naver.com/#/entry/jako/3bbf581a1fcc498aa5c926faf9046d50
N5,all,ドア,ドア,도어; (서양식) 문.,https://ja.dict.naver.com/#/entry/jako/f6ead12896154fd3a51b28eaf5f2ecbd
N5,all,ナイフ,ナイフ,나이프; 서양식 작은 칼.,https://ja.dict.naver.com/#/entry/jako/0ecce765484e42afb0165091cb88d349
N5,all,ネクタイ,ネクタイ,넥타이.,https://ja.dict.naver.com/#/entry/jako/a574840f3fc946d29701ddda48d1ccf0
N5,all,ノート,ノート,노트(함).,https://ja.dict.naver.com/#/entry/jako/90b113d16cd149c19c4ed2e23d3b5cbd
N5,all,ハンカチ,ハンカチ,‘ハンカチーフ(handkerchief)’의 준말; 손수건; (장식용의) 네모난 작은 천.,https://ja.dict.naver.com/#/entry/jako/b61e092d81e940b5a0ab6fdd234f63fc
N5,all,バス,バス,버스.,https://ja.dict.naver.com/#/entry/jako/574e79254bcb4dd7894d7a032e568deb
N5,all,パン,パン,빵.,https://ja.dict.naver.com/#/entry/jako/236637057ee049a79e4e34f33fc7dc7f
N5,all,ペン,ペン,펜.,https://ja.dict.naver.com/#/entry/jako/4315c7118e7e43508a19300451ba10be
N5,all,ホテル,ホテル,호텔.,https://ja.dict.naver.com/#/entry/jako/8978757df8934a7d9ff25c10527f9816
N5,all,ボタン,ボタン,보탕; 단추.,https://ja.dict.naver.com/#/entry/jako/a3a29a8cb96c4f1ea94d58c2758b6aac
N5,all,ボールペン,ボールペン,볼펜.,https://ja.dict.naver.com/#/entry/jako/1e5c7a7a92fa47b597fd61e6deed9d08
N5,all,ポケット,ポケット,포켓; 호주머니.,https://ja.dict.naver.com/#/entry/jako/0d5aae816bed46c1a6ffc577138b2932
N5,all,ラジオ,ラジオ,라디오.,https://ja.dict.naver.com/#/entry/jako/37cb2980d3d148159eb695cd1c3360ef
N5,all,レストラン,レストラン,레스토랑; 양식 식당.,https://ja.dict.naver.com/#/entry/jako/f2c73b14dbee4ac697276b344b74498e
